=== bsort100: instrument
+ /usr/bin/python3 /home/atsushi/evaluation_pWCET_analysis_using_inequalities_and_copulas/ipoint/tools/ipoint_instrument.py /home/atsushi/evaluation_pWCET_analysis_using_inequalities_and_copulas/benchmarks/malardalen/bsort100.c --entry BubbleSort --out /home/atsushi/evaluation_pWCET_analysis_using_inequalities_and_copulas/ipoint/bench/build/bsort100/bsort100.ipoint_full.c --schema /home/atsushi/evaluation_pWCET_analysis_using_inequalities_and_copulas/ipoint/bench/build/bsort100/schema_full.json --all
wrote /home/atsushi/evaluation_pWCET_analysis_using_inequalities_and_copulas/ipoint/bench/build/bsort100/bsort100.ipoint_full.c and /home/atsushi/evaluation_pWCET_analysis_using_inequalities_and_copulas/ipoint/bench/build/bsort100/schema_full.json (14 instrumented units, ids 1..25)
=== bsort100: pilot
+ /usr/bin/python3 /home/atsushi/evaluation_pWCET_analysis_using_inequalities_and_copulas/ipoint/tools/ipoint_instrument.py /home/atsushi/evaluation_pWCET_analysis_using_inequalities_and_copulas/benchmarks/malardalen/bsort100.c --entry BubbleSort --out /home/atsushi/evaluation_pWCET_analysis_using_inequalities_and_copulas/ipoint/bench/build/bsort100/bsort100.ipoint.c --schema /home/atsushi/evaluation_pWCET_analysis_using_inequalities_and_copulas/ipoint/bench/build/bsort100/schema_timing.json --all
wrote /home/atsushi/evaluation_pWCET_analysis_using_inequalities_and_copulas/ipoint/bench/build/bsort100/bsort100.ipoint.c and /home/atsushi/evaluation_pWCET_analysis_using_inequalities_and_copulas/ipoint/bench/build/bsort100/schema_timing.json (14 instrumented units, ids 1..25)
+ make -s BENCH=bsort100 MODE=timing SRC=/home/atsushi/evaluation_pWCET_analysis_using_inequalities_and_copulas/ipoint/bench/build/bsort100/bsort100.ipoint.c KERNEL_DEFS=
+ taskset -c 6 /home/atsushi/evaluation_pWCET_analysis_using_inequalities_and_copulas/ipoint/bench/build/bsort100/timing/bench_bsort100 --out traces/bsort100/pilot/round0 --runs 1000 --full-trace-runs 1000 --seed0 20260829 --core 6 --warmup 1000 --param 0.0 --entry-id 7 --exit-id 8 --max-id 25 --calib 1
bsort100 [timing]: 1000 runs in 1.8 s; e2e ticks min/mean/max = 1379748/1528198.7/1580818; migrations=0 overflow=0
+ /usr/bin/python3 /home/atsushi/evaluation_pWCET_analysis_using_inequalities_and_copulas/ipoint/tools/ipoint_parse.py --schema /home/atsushi/evaluation_pWCET_analysis_using_inequalities_and_copulas/ipoint/bench/build/bsort100/schema_timing.json --trace-dir traces/bsort100/pilot/round0 --out traces/bsort100/pilot/round0/parsed --min-unit-ns 300.0
parsed 1000 runs, 11 units; implicit closes: 0, unmatched exits: 0, suggested exclusions: ['BubbleSort.L1.body.L1.body', 'BubbleSort.L1.body.L1.body.if2.then', 'BubbleSort.L1.body.L1.body.if1.then', 'BubbleSort.L1.body.if1.then']
+ /usr/bin/python3 /home/atsushi/evaluation_pWCET_analysis_using_inequalities_and_copulas/ipoint/tools/ipoint_instrument.py /home/atsushi/evaluation_pWCET_analysis_using_inequalities_and_copulas/benchmarks/malardalen/bsort100.c --entry BubbleSort --out /home/atsushi/evaluation_pWCET_analysis_using_inequalities_and_copulas/ipoint/bench/build/bsort100/bsort100.ipoint.c --schema /home/atsushi/evaluation_pWCET_analysis_using_inequalities_and_copulas/ipoint/bench/build/bsort100/schema_timing.json --all --exclude-unit BubbleSort.L1.body.L1.body --exclude-unit BubbleSort.L1.body.L1.body.if1.then --exclude-unit BubbleSort.L1.body.L1.body.if2.then --exclude-unit BubbleSort.L1.body.if1.then
wrote /home/atsushi/evaluation_pWCET_analysis_using_inequalities_and_copulas/ipoint/bench/build/bsort100/bsort100.ipoint.c and /home/atsushi/evaluation_pWCET_analysis_using_inequalities_and_copulas/ipoint/bench/build/bsort100/schema_timing.json (8 instrumented units, ids 1..25)
+ make -s BENCH=bsort100 MODE=timing SRC=/home/atsushi/evaluation_pWCET_analysis_using_inequalities_and_copulas/ipoint/bench/build/bsort100/bsort100.ipoint.c KERNEL_DEFS=
+ taskset -c 6 /home/atsushi/evaluation_pWCET_analysis_using_inequalities_and_copulas/ipoint/bench/build/bsort100/timing/bench_bsort100 --out traces/bsort100/pilot/round1 --runs 1000 --full-trace-runs 1000 --seed0 20260829 --core 6 --warmup 1000 --param 0.0 --entry-id 7 --exit-id 8 --max-id 25 --calib 1
bsort100 [timing]: 1000 runs in 0.1 s; e2e ticks min/mean/max = 61780/71746.4/81044; migrations=0 overflow=0
+ /usr/bin/python3 /home/atsushi/evaluation_pWCET_analysis_using_inequalities_and_copulas/ipoint/tools/ipoint_parse.py --schema /home/atsushi/evaluation_pWCET_analysis_using_inequalities_and_copulas/ipoint/bench/build/bsort100/schema_timing.json --trace-dir traces/bsort100/pilot/round1 --out traces/bsort100/pilot/round1/parsed --min-unit-ns 300.0
parsed 1000 runs, 5 units; implicit closes: 0, unmatched exits: 0, suggested exclusions: ['BubbleSort.L1.body.L1']
+ /usr/bin/python3 /home/atsushi/evaluation_pWCET_analysis_using_inequalities_and_copulas/ipoint/tools/ipoint_instrument.py /home/atsushi/evaluation_pWCET_analysis_using_inequalities_and_copulas/benchmarks/malardalen/bsort100.c --entry BubbleSort --out /home/atsushi/evaluation_pWCET_analysis_using_inequalities_and_copulas/ipoint/bench/build/bsort100/bsort100.ipoint.c --schema /home/atsushi/evaluation_pWCET_analysis_using_inequalities_and_copulas/ipoint/bench/build/bsort100/schema_timing.json --all --exclude-unit BubbleSort.L1.body.L1 --exclude-unit BubbleSort.L1.body.L1.body --exclude-unit BubbleSort.L1.body.L1.body.if1.then --exclude-unit BubbleSort.L1.body.L1.body.if2.then --exclude-unit BubbleSort.L1.body.if1.then
wrote /home/atsushi/evaluation_pWCET_analysis_using_inequalities_and_copulas/ipoint/bench/build/bsort100/bsort100.ipoint.c and /home/atsushi/evaluation_pWCET_analysis_using_inequalities_and_copulas/ipoint/bench/build/bsort100/schema_timing.json (7 instrumented units, ids 1..25)
+ make -s BENCH=bsort100 MODE=timing SRC=/home/atsushi/evaluation_pWCET_analysis_using_inequalities_and_copulas/ipoint/bench/build/bsort100/bsort100.ipoint.c KERNEL_DEFS=
+ taskset -c 6 /home/atsushi/evaluation_pWCET_analysis_using_inequalities_and_copulas/ipoint/bench/build/bsort100/timing/bench_bsort100 --out traces/bsort100/pilot/round2 --runs 1000 --full-trace-runs 1000 --seed0 20260829 --core 6 --warmup 1000 --param 0.0 --entry-id 7 --exit-id 8 --max-id 25 --calib 1
bsort100 [timing]: 1000 runs in 0.1 s; e2e ticks min/mean/max = 52522/61392.1/70850; migrations=0 overflow=0
+ /usr/bin/python3 /home/atsushi/evaluation_pWCET_analysis_using_inequalities_and_copulas/ipoint/tools/ipoint_parse.py --schema /home/atsushi/evaluation_pWCET_analysis_using_inequalities_and_copulas/ipoint/bench/build/bsort100/schema_timing.json --trace-dir traces/bsort100/pilot/round2 --out traces/bsort100/pilot/round2/parsed --min-unit-ns 300.0
parsed 1000 runs, 4 units; implicit closes: 0, unmatched exits: 0, suggested exclusions: ['BubbleSort.L1.body']
+ /usr/bin/python3 /home/atsushi/evaluation_pWCET_analysis_using_inequalities_and_copulas/ipoint/tools/ipoint_instrument.py /home/atsushi/evaluation_pWCET_analysis_using_inequalities_and_copulas/benchmarks/malardalen/bsort100.c --entry BubbleSort --out /home/atsushi/evaluation_pWCET_analysis_using_inequalities_and_copulas/ipoint/bench/build/bsort100/bsort100.ipoint.c --schema /home/atsushi/evaluation_pWCET_analysis_using_inequalities_and_copulas/ipoint/bench/build/bsort100/schema_timing.json --all --exclude-unit BubbleSort.L1.body --exclude-unit BubbleSort.L1.body.L1 --exclude-unit BubbleSort.L1.body.L1.body --exclude-unit BubbleSort.L1.body.L1.body.if1.then --exclude-unit BubbleSort.L1.body.L1.body.if2.then --exclude-unit BubbleSort.L1.body.if1.then
wrote /home/atsushi/evaluation_pWCET_analysis_using_inequalities_and_copulas/ipoint/bench/build/bsort100/bsort100.ipoint.c and /home/atsushi/evaluation_pWCET_analysis_using_inequalities_and_copulas/ipoint/bench/build/bsort100/schema_timing.json (5 instrumented units, ids 1..25)
+ make -s BENCH=bsort100 MODE=timing SRC=/home/atsushi/evaluation_pWCET_analysis_using_inequalities_and_copulas/ipoint/bench/build/bsort100/bsort100.ipoint.c KERNEL_DEFS=
+ taskset -c 6 /home/atsushi/evaluation_pWCET_analysis_using_inequalities_and_copulas/ipoint/bench/build/bsort100/timing/bench_bsort100 --out traces/bsort100/pilot/round3 --runs 1000 --full-trace-runs 1000 --seed0 20260829 --core 6 --warmup 1000 --param 0.0 --entry-id 7 --exit-id 8 --max-id 25 --calib 1
bsort100 [timing]: 1000 runs in 0.0 s; e2e ticks min/mean/max = 35160/41180.8/48808; migrations=0 overflow=0
+ /usr/bin/python3 /home/atsushi/evaluation_pWCET_analysis_using_inequalities_and_copulas/ipoint/tools/ipoint_parse.py --schema /home/atsushi/evaluation_pWCET_analysis_using_inequalities_and_copulas/ipoint/bench/build/bsort100/schema_timing.json --trace-dir traces/bsort100/pilot/round3 --out traces/bsort100/pilot/round3/parsed --min-unit-ns 300.0
parsed 1000 runs, 2 units; implicit closes: 0, unmatched exits: 0, suggested exclusions: []
+ /usr/bin/python3 /home/atsushi/evaluation_pWCET_analysis_using_inequalities_and_copulas/ipoint/tools/ipoint_instrument.py /home/atsushi/evaluation_pWCET_analysis_using_inequalities_and_copulas/benchmarks/malardalen/bsort100.c --entry BubbleSort --out /home/atsushi/evaluation_pWCET_analysis_using_inequalities_and_copulas/ipoint/bench/build/bsort100/bsort100.ipoint.c --schema /home/atsushi/evaluation_pWCET_analysis_using_inequalities_and_copulas/ipoint/bench/build/bsort100/schema_timing.json --all --exclude-unit BubbleSort.L1.body --exclude-unit BubbleSort.L1.body.L1 --exclude-unit BubbleSort.L1.body.L1.body --exclude-unit BubbleSort.L1.body.L1.body.if1.then --exclude-unit BubbleSort.L1.body.L1.body.if2.then --exclude-unit BubbleSort.L1.body.if1.then
wrote /home/atsushi/evaluation_pWCET_analysis_using_inequalities_and_copulas/ipoint/bench/build/bsort100/bsort100.ipoint.c and /home/atsushi/evaluation_pWCET_analysis_using_inequalities_and_copulas/ipoint/bench/build/bsort100/schema_timing.json (5 instrumented units, ids 1..25)
=== bsort100: build
+ make -s BENCH=bsort100 MODE=off SRC=/home/atsushi/evaluation_pWCET_analysis_using_inequalities_and_copulas/ipoint/bench/build/bsort100/bsort100.ipoint.c KERNEL_DEFS=
+ make -s BENCH=bsort100 MODE=timing SRC=/home/atsushi/evaluation_pWCET_analysis_using_inequalities_and_copulas/ipoint/bench/build/bsort100/bsort100.ipoint.c KERNEL_DEFS=
+ make -s BENCH=bsort100 MODE=coverage SRC=/home/atsushi/evaluation_pWCET_analysis_using_inequalities_and_copulas/ipoint/bench/build/bsort100/bsort100.ipoint_full.c KERNEL_DEFS=
=== bsort100: run
+ taskset -c 6 /home/atsushi/evaluation_pWCET_analysis_using_inequalities_and_copulas/ipoint/bench/build/bsort100/timing/bench_bsort100 --out traces/bsort100/timing --runs 10000000 --full-trace-runs 100000 --seed0 20260829 --core 6 --warmup 1000 --param 0.0 --entry-id 7 --exit-id 8 --max-id 25 --calib 1
bsort100: 1000000/10000000 runs, 20.6 s elapsed
bsort100: 2000000/10000000 runs, 41.2 s elapsed
bsort100: 3000000/10000000 runs, 61.7 s elapsed
bsort100: 4000000/10000000 runs, 82.3 s elapsed
bsort100: 5000000/10000000 runs, 102.9 s elapsed
bsort100: 6000000/10000000 runs, 123.4 s elapsed
bsort100: 7000000/10000000 runs, 144.0 s elapsed
bsort100: 8000000/10000000 runs, 164.5 s elapsed
bsort100: 9000000/10000000 runs, 185.1 s elapsed
bsort100: 10000000/10000000 runs, 205.7 s elapsed
bsort100 [timing]: 10000000 runs in 205.7 s; e2e ticks min/mean/max = 31604/41288.2/576658; migrations=0 overflow=0
+ taskset -c 6 /home/atsushi/evaluation_pWCET_analysis_using_inequalities_and_copulas/ipoint/bench/build/bsort100/off/bench_bsort100 --out traces/bsort100/off --runs 100000 --full-trace-runs 0 --seed0 20260829 --core 6 --warmup 1000 --param 0.0 --entry-id 7 --exit-id 8 --max-id 25 --calib 1
bsort100 [off]: 100000 runs in 2.2 s; e2e ticks min/mean/max = 35496/43767.5/57522; migrations=0 overflow=0
+ taskset -c 6 /home/atsushi/evaluation_pWCET_analysis_using_inequalities_and_copulas/ipoint/bench/build/bsort100/coverage/bench_bsort100 --out traces/bsort100/coverage --runs 10000000 --full-trace-runs 0 --seed0 20260829 --core 6 --warmup 1000 --param 0.0 --entry-id 7 --exit-id 8 --max-id 25 --calib 1
bsort100: 1000000/10000000 runs, 46.8 s elapsed
bsort100: 2000000/10000000 runs, 93.6 s elapsed
bsort100: 3000000/10000000 runs, 140.3 s elapsed
bsort100: 4000000/10000000 runs, 187.1 s elapsed
bsort100: 5000000/10000000 runs, 233.9 s elapsed
bsort100: 6000000/10000000 runs, 280.6 s elapsed
bsort100: 7000000/10000000 runs, 327.4 s elapsed
bsort100: 8000000/10000000 runs, 374.1 s elapsed
bsort100: 9000000/10000000 runs, 420.9 s elapsed
bsort100: 10000000/10000000 runs, 467.7 s elapsed
bsort100 [coverage]: 10000000 runs in 467.7 s; e2e ticks min/mean/max = 77164/96279.0/665844; migrations=0 overflow=0
=== bsort100: parse
+ /usr/bin/python3 /home/atsushi/evaluation_pWCET_analysis_using_inequalities_and_copulas/ipoint/tools/ipoint_parse.py --schema /home/atsushi/evaluation_pWCET_analysis_using_inequalities_and_copulas/ipoint/bench/build/bsort100/schema_timing.json --trace-dir traces/bsort100/timing --out traces/bsort100/parsed --min-unit-ns 300.0
parsed 10000/100000 runs
parsed 20000/100000 runs
parsed 30000/100000 runs
parsed 40000/100000 runs
parsed 50000/100000 runs
parsed 60000/100000 runs
parsed 70000/100000 runs
parsed 80000/100000 runs
parsed 90000/100000 runs
parsed 100000/100000 runs
parsed 100000 runs, 2 units; implicit closes: 0, unmatched exits: 0, suggested exclusions: []
+ /usr/bin/python3 /home/atsushi/evaluation_pWCET_analysis_using_inequalities_and_copulas/ipoint/tools/ipoint_check.py --schema /home/atsushi/evaluation_pWCET_analysis_using_inequalities_and_copulas/ipoint/bench/build/bsort100/schema_timing.json --trace-dir traces/bsort100/timing --parsed traces/bsort100/parsed
bsort100: 0 failures over 100000 runs, 2 units
+ /usr/bin/python3 /home/atsushi/evaluation_pWCET_analysis_using_inequalities_and_copulas/ipoint/tools/ipoint_overhead.py --off traces/bsort100/off --timing traces/bsort100/timing --coverage traces/bsort100/coverage --out traces/bsort100/overhead.json
+ /usr/bin/python3 /home/atsushi/evaluation_pWCET_analysis_using_inequalities_and_copulas/ipoint/tools/ipoint_coverage.py --schema /home/atsushi/evaluation_pWCET_analysis_using_inequalities_and_copulas/ipoint/bench/build/bsort100/schema_full.json --dir traces/bsort100/coverage --train 10000 --out traces/bsort100/coverage.json
=== fdct: instrument
+ /usr/bin/python3 /home/atsushi/evaluation_pWCET_analysis_using_inequalities_and_copulas/ipoint/tools/ipoint_instrument.py /home/atsushi/evaluation_pWCET_analysis_using_inequalities_and_copulas/benchmarks/malardalen/fdct.c --entry fdct --out /home/atsushi/evaluation_pWCET_analysis_using_inequalities_and_copulas/ipoint/bench/build/fdct/fdct.ipoint_full.c --schema /home/atsushi/evaluation_pWCET_analysis_using_inequalities_and_copulas/ipoint/bench/build/fdct/schema_full.json --all
wrote /home/atsushi/evaluation_pWCET_analysis_using_inequalities_and_copulas/ipoint/bench/build/fdct/fdct.ipoint_full.c and /home/atsushi/evaluation_pWCET_analysis_using_inequalities_and_copulas/ipoint/bench/build/fdct/schema_full.json (5 instrumented units, ids 1..10)
=== fdct: pilot
+ /usr/bin/python3 /home/atsushi/evaluation_pWCET_analysis_using_inequalities_and_copulas/ipoint/tools/ipoint_instrument.py /home/atsushi/evaluation_pWCET_analysis_using_inequalities_and_copulas/benchmarks/malardalen/fdct.c --entry fdct --out /home/atsushi/evaluation_pWCET_analysis_using_inequalities_and_copulas/ipoint/bench/build/fdct/fdct.ipoint.c --schema /home/atsushi/evaluation_pWCET_analysis_using_inequalities_and_copulas/ipoint/bench/build/fdct/schema_timing.json --all
wrote /home/atsushi/evaluation_pWCET_analysis_using_inequalities_and_copulas/ipoint/bench/build/fdct/fdct.ipoint.c and /home/atsushi/evaluation_pWCET_analysis_using_inequalities_and_copulas/ipoint/bench/build/fdct/schema_timing.json (5 instrumented units, ids 1..10)
+ make -s BENCH=fdct MODE=timing SRC=/home/atsushi/evaluation_pWCET_analysis_using_inequalities_and_copulas/ipoint/bench/build/fdct/fdct.ipoint.c KERNEL_DEFS=
+ taskset -c 6 /home/atsushi/evaluation_pWCET_analysis_using_inequalities_and_copulas/ipoint/bench/build/fdct/timing/bench_fdct --out traces/fdct/pilot/round0 --runs 1000 --full-trace-runs 1000 --seed0 20260829 --core 6 --warmup 1000 --param 0.0 --entry-id 1 --exit-id 2 --max-id 10 --calib 1
fdct [timing]: 1000 runs in 0.0 s; e2e ticks min/mean/max = 2746/2762.7/2774; migrations=0 overflow=0
+ /usr/bin/python3 /home/atsushi/evaluation_pWCET_analysis_using_inequalities_and_copulas/ipoint/tools/ipoint_parse.py --schema /home/atsushi/evaluation_pWCET_analysis_using_inequalities_and_copulas/ipoint/bench/build/fdct/schema_timing.json --trace-dir traces/fdct/pilot/round0 --out traces/fdct/pilot/round0/parsed --min-unit-ns 300.0
parsed 1000 runs, 5 units; implicit closes: 0, unmatched exits: 0, suggested exclusions: ['fdct.L1.body', 'fdct.L2.body']
+ /usr/bin/python3 /home/atsushi/evaluation_pWCET_analysis_using_inequalities_and_copulas/ipoint/tools/ipoint_instrument.py /home/atsushi/evaluation_pWCET_analysis_using_inequalities_and_copulas/benchmarks/malardalen/fdct.c --entry fdct --out /home/atsushi/evaluation_pWCET_analysis_using_inequalities_and_copulas/ipoint/bench/build/fdct/fdct.ipoint.c --schema /home/atsushi/evaluation_pWCET_analysis_using_inequalities_and_copulas/ipoint/bench/build/fdct/schema_timing.json --all --exclude-unit fdct.L1.body --exclude-unit fdct.L2.body
wrote /home/atsushi/evaluation_pWCET_analysis_using_inequalities_and_copulas/ipoint/bench/build/fdct/fdct.ipoint.c and /home/atsushi/evaluation_pWCET_analysis_using_inequalities_and_copulas/ipoint/bench/build/fdct/schema_timing.json (3 instrumented units, ids 1..10)
+ make -s BENCH=fdct MODE=timing SRC=/home/atsushi/evaluation_pWCET_analysis_using_inequalities_and_copulas/ipoint/bench/build/fdct/fdct.ipoint.c KERNEL_DEFS=
+ taskset -c 6 /home/atsushi/evaluation_pWCET_analysis_using_inequalities_and_copulas/ipoint/bench/build/fdct/timing/bench_fdct --out traces/fdct/pilot/round1 --runs 1000 --full-trace-runs 1000 --seed0 20260829 --core 6 --warmup 1000 --param 0.0 --entry-id 1 --exit-id 2 --max-id 10 --calib 1
fdct [timing]: 1000 runs in 0.0 s; e2e ticks min/mean/max = 672/683.5/700; migrations=0 overflow=0
+ /usr/bin/python3 /home/atsushi/evaluation_pWCET_analysis_using_inequalities_and_copulas/ipoint/tools/ipoint_parse.py --schema /home/atsushi/evaluation_pWCET_analysis_using_inequalities_and_copulas/ipoint/bench/build/fdct/schema_timing.json --trace-dir traces/fdct/pilot/round1 --out traces/fdct/pilot/round1/parsed --min-unit-ns 300.0
parsed 1000 runs, 3 units; implicit closes: 0, unmatched exits: 0, suggested exclusions: ['fdct.L1', 'fdct.L2']
+ /usr/bin/python3 /home/atsushi/evaluation_pWCET_analysis_using_inequalities_and_copulas/ipoint/tools/ipoint_instrument.py /home/atsushi/evaluation_pWCET_analysis_using_inequalities_and_copulas/benchmarks/malardalen/fdct.c --entry fdct --out /home/atsushi/evaluation_pWCET_analysis_using_inequalities_and_copulas/ipoint/bench/build/fdct/fdct.ipoint.c --schema /home/atsushi/evaluation_pWCET_analysis_using_inequalities_and_copulas/ipoint/bench/build/fdct/schema_timing.json --all --exclude-unit fdct.L1 --exclude-unit fdct.L1.body --exclude-unit fdct.L2 --exclude-unit fdct.L2.body
wrote /home/atsushi/evaluation_pWCET_analysis_using_inequalities_and_copulas/ipoint/bench/build/fdct/fdct.ipoint.c and /home/atsushi/evaluation_pWCET_analysis_using_inequalities_and_copulas/ipoint/bench/build/fdct/schema_timing.json (1 instrumented units, ids 1..10)
+ make -s BENCH=fdct MODE=timing SRC=/home/atsushi/evaluation_pWCET_analysis_using_inequalities_and_copulas/ipoint/bench/build/fdct/fdct.ipoint.c KERNEL_DEFS=
+ taskset -c 6 /home/atsushi/evaluation_pWCET_analysis_using_inequalities_and_copulas/ipoint/bench/build/fdct/timing/bench_fdct --out traces/fdct/pilot/round2 --runs 1000 --full-trace-runs 1000 --seed0 20260829 --core 6 --warmup 1000 --param 0.0 --entry-id 1 --exit-id 2 --max-id 10 --calib 1
fdct [timing]: 1000 runs in 0.0 s; e2e ticks min/mean/max = 400/411.4/462; migrations=0 overflow=0
+ /usr/bin/python3 /home/atsushi/evaluation_pWCET_analysis_using_inequalities_and_copulas/ipoint/tools/ipoint_parse.py --schema /home/atsushi/evaluation_pWCET_analysis_using_inequalities_and_copulas/ipoint/bench/build/fdct/schema_timing.json --trace-dir traces/fdct/pilot/round2 --out traces/fdct/pilot/round2/parsed --min-unit-ns 300.0
parsed 1000 runs, 1 units; implicit closes: 0, unmatched exits: 0, suggested exclusions: []
+ /usr/bin/python3 /home/atsushi/evaluation_pWCET_analysis_using_inequalities_and_copulas/ipoint/tools/ipoint_instrument.py /home/atsushi/evaluation_pWCET_analysis_using_inequalities_and_copulas/benchmarks/malardalen/fdct.c --entry fdct --out /home/atsushi/evaluation_pWCET_analysis_using_inequalities_and_copulas/ipoint/bench/build/fdct/fdct.ipoint.c --schema /home/atsushi/evaluation_pWCET_analysis_using_inequalities_and_copulas/ipoint/bench/build/fdct/schema_timing.json --all --exclude-unit fdct.L1 --exclude-unit fdct.L1.body --exclude-unit fdct.L2 --exclude-unit fdct.L2.body
wrote /home/atsushi/evaluation_pWCET_analysis_using_inequalities_and_copulas/ipoint/bench/build/fdct/fdct.ipoint.c and /home/atsushi/evaluation_pWCET_analysis_using_inequalities_and_copulas/ipoint/bench/build/fdct/schema_timing.json (1 instrumented units, ids 1..10)
=== fdct: build
+ make -s BENCH=fdct MODE=off SRC=/home/atsushi/evaluation_pWCET_analysis_using_inequalities_and_copulas/ipoint/bench/build/fdct/fdct.ipoint.c KERNEL_DEFS=
+ make -s BENCH=fdct MODE=timing SRC=/home/atsushi/evaluation_pWCET_analysis_using_inequalities_and_copulas/ipoint/bench/build/fdct/fdct.ipoint.c KERNEL_DEFS=
+ make -s BENCH=fdct MODE=coverage SRC=/home/atsushi/evaluation_pWCET_analysis_using_inequalities_and_copulas/ipoint/bench/build/fdct/fdct.ipoint_full.c KERNEL_DEFS=
=== fdct: run
+ taskset -c 6 /home/atsushi/evaluation_pWCET_analysis_using_inequalities_and_copulas/ipoint/bench/build/fdct/timing/bench_fdct --out traces/fdct/timing --runs 10000000 --full-trace-runs 100000 --seed0 20260829 --core 6 --warmup 1000 --param 0.0 --entry-id 1 --exit-id 2 --max-id 10 --calib 1
fdct: 1000000/10000000 runs, 0.8 s elapsed
fdct: 2000000/10000000 runs, 1.5 s elapsed
fdct: 3000000/10000000 runs, 2.2 s elapsed
fdct: 4000000/10000000 runs, 3.0 s elapsed
fdct: 5000000/10000000 runs, 3.7 s elapsed
fdct: 6000000/10000000 runs, 4.5 s elapsed
fdct: 7000000/10000000 runs, 5.2 s elapsed
fdct: 8000000/10000000 runs, 5.9 s elapsed
fdct: 9000000/10000000 runs, 6.7 s elapsed
fdct: 10000000/10000000 runs, 7.4 s elapsed
fdct [timing]: 10000000 runs in 7.4 s; e2e ticks min/mean/max = 394/411.9/14656; migrations=0 overflow=0
+ taskset -c 6 /home/atsushi/evaluation_pWCET_analysis_using_inequalities_and_copulas/ipoint/bench/build/fdct/off/bench_fdct --out traces/fdct/off --runs 100000 --full-trace-runs 0 --seed0 20260829 --core 6 --warmup 1000 --param 0.0 --entry-id 1 --exit-id 2 --max-id 10 --calib 1
fdct [off]: 100000 runs in 0.1 s; e2e ticks min/mean/max = 394/410.8/8012; migrations=0 overflow=0
+ taskset -c 6 /home/atsushi/evaluation_pWCET_analysis_using_inequalities_and_copulas/ipoint/bench/build/fdct/coverage/bench_fdct --out traces/fdct/coverage --runs 10000000 --full-trace-runs 0 --seed0 20260829 --core 6 --warmup 1000 --param 0.0 --entry-id 1 --exit-id 2 --max-id 10 --calib 1
fdct: 1000000/10000000 runs, 0.8 s elapsed
fdct: 2000000/10000000 runs, 1.6 s elapsed
fdct: 3000000/10000000 runs, 2.4 s elapsed
fdct: 4000000/10000000 runs, 3.3 s elapsed
fdct: 5000000/10000000 runs, 4.1 s elapsed
fdct: 6000000/10000000 runs, 4.9 s elapsed
fdct: 7000000/10000000 runs, 5.7 s elapsed
fdct: 8000000/10000000 runs, 6.5 s elapsed
fdct: 9000000/10000000 runs, 7.3 s elapsed
fdct: 10000000/10000000 runs, 8.2 s elapsed
fdct [coverage]: 10000000 runs in 8.2 s; e2e ticks min/mean/max = 450/473.4/487466; migrations=0 overflow=0
=== fdct: parse
+ /usr/bin/python3 /home/atsushi/evaluation_pWCET_analysis_using_inequalities_and_copulas/ipoint/tools/ipoint_parse.py --schema /home/atsushi/evaluation_pWCET_analysis_using_inequalities_and_copulas/ipoint/bench/build/fdct/schema_timing.json --trace-dir traces/fdct/timing --out traces/fdct/parsed --min-unit-ns 300.0
parsed 10000/100000 runs
parsed 20000/100000 runs
parsed 30000/100000 runs
parsed 40000/100000 runs
parsed 50000/100000 runs
parsed 60000/100000 runs
parsed 70000/100000 runs
parsed 80000/100000 runs
parsed 90000/100000 runs
parsed 100000/100000 runs
parsed 100000 runs, 1 units; implicit closes: 0, unmatched exits: 0, suggested exclusions: []
+ /usr/bin/python3 /home/atsushi/evaluation_pWCET_analysis_using_inequalities_and_copulas/ipoint/tools/ipoint_check.py --schema /home/atsushi/evaluation_pWCET_analysis_using_inequalities_and_copulas/ipoint/bench/build/fdct/schema_timing.json --trace-dir traces/fdct/timing --parsed traces/fdct/parsed
fdct: 0 failures over 100000 runs, 1 units
+ /usr/bin/python3 /home/atsushi/evaluation_pWCET_analysis_using_inequalities_and_copulas/ipoint/tools/ipoint_overhead.py --off traces/fdct/off --timing traces/fdct/timing --coverage traces/fdct/coverage --out traces/fdct/overhead.json
+ /usr/bin/python3 /home/atsushi/evaluation_pWCET_analysis_using_inequalities_and_copulas/ipoint/tools/ipoint_coverage.py --schema /home/atsushi/evaluation_pWCET_analysis_using_inequalities_and_copulas/ipoint/bench/build/fdct/schema_full.json --dir traces/fdct/coverage --train 10000 --out traces/fdct/coverage.json
=== fir: instrument
+ /usr/bin/python3 /home/atsushi/evaluation_pWCET_analysis_using_inequalities_and_copulas/ipoint/tools/ipoint_instrument.py /home/atsushi/evaluation_pWCET_analysis_using_inequalities_and_copulas/benchmarks/malardalen/fir.c --entry fir_filter_int --out /home/atsushi/evaluation_pWCET_analysis_using_inequalities_and_copulas/ipoint/bench/build/fir/fir.ipoint_full.c --schema /home/atsushi/evaluation_pWCET_analysis_using_inequalities_and_copulas/ipoint/bench/build/fir/schema_full.json --bounds /home/atsushi/evaluation_pWCET_analysis_using_inequalities_and_copulas/ipoint/bench/bounds/fir.bounds.json --all
wrote /home/atsushi/evaluation_pWCET_analysis_using_inequalities_and_copulas/ipoint/bench/build/fir/fir.ipoint_full.c and /home/atsushi/evaluation_pWCET_analysis_using_inequalities_and_copulas/ipoint/bench/build/fir/schema_full.json (9 instrumented units, ids 1..17)
=== fir: pilot
+ /usr/bin/python3 /home/atsushi/evaluation_pWCET_analysis_using_inequalities_and_copulas/ipoint/tools/ipoint_instrument.py /home/atsushi/evaluation_pWCET_analysis_using_inequalities_and_copulas/benchmarks/malardalen/fir.c --entry fir_filter_int --out /home/atsushi/evaluation_pWCET_analysis_using_inequalities_and_copulas/ipoint/bench/build/fir/fir.ipoint.c --schema /home/atsushi/evaluation_pWCET_analysis_using_inequalities_and_copulas/ipoint/bench/build/fir/schema_timing.json --bounds /home/atsushi/evaluation_pWCET_analysis_using_inequalities_and_copulas/ipoint/bench/bounds/fir.bounds.json --all
wrote /home/atsushi/evaluation_pWCET_analysis_using_inequalities_and_copulas/ipoint/bench/build/fir/fir.ipoint.c and /home/atsushi/evaluation_pWCET_analysis_using_inequalities_and_copulas/ipoint/bench/build/fir/schema_timing.json (9 instrumented units, ids 1..17)
+ make -s BENCH=fir MODE=timing SRC=/home/atsushi/evaluation_pWCET_analysis_using_inequalities_and_copulas/ipoint/bench/build/fir/fir.ipoint.c KERNEL_DEFS=
+ taskset -c 6 /home/atsushi/evaluation_pWCET_analysis_using_inequalities_and_copulas/ipoint/bench/build/fir/timing/bench_fir --out traces/fir/pilot/round0 --runs 1000 --full-trace-runs 1000 --seed0 20260829 --core 6 --warmup 1000 --param 0.0 --entry-id 1 --exit-id 2 --max-id 17 --calib 1
fir [timing]: 1000 runs in 4.2 s; e2e ticks min/mean/max = 3472022/3476080.9/3967284; migrations=0 overflow=0
+ /usr/bin/python3 /home/atsushi/evaluation_pWCET_analysis_using_inequalities_and_copulas/ipoint/tools/ipoint_parse.py --schema /home/atsushi/evaluation_pWCET_analysis_using_inequalities_and_copulas/ipoint/bench/build/fir/schema_timing.json --trace-dir traces/fir/pilot/round0 --out traces/fir/pilot/round0/parsed --min-unit-ns 300.0
parsed 1000 runs, 9 units; implicit closes: 0, unmatched exits: 0, suggested exclusions: ['fir_filter_int.L1.body.L1.body', 'fir_filter_int.L1.body.if1.else.if1.then', 'fir_filter_int.L1.body.if1.else', 'fir_filter_int.L1.body.if1.then']
+ /usr/bin/python3 /home/atsushi/evaluation_pWCET_analysis_using_inequalities_and_copulas/ipoint/tools/ipoint_instrument.py /home/atsushi/evaluation_pWCET_analysis_using_inequalities_and_copulas/benchmarks/malardalen/fir.c --entry fir_filter_int --out /home/atsushi/evaluation_pWCET_analysis_using_inequalities_and_copulas/ipoint/bench/build/fir/fir.ipoint.c --schema /home/atsushi/evaluation_pWCET_analysis_using_inequalities_and_copulas/ipoint/bench/build/fir/schema_timing.json --bounds /home/atsushi/evaluation_pWCET_analysis_using_inequalities_and_copulas/ipoint/bench/bounds/fir.bounds.json --all --exclude-unit fir_filter_int.L1.body.L1.body --exclude-unit fir_filter_int.L1.body.if1.else --exclude-unit fir_filter_int.L1.body.if1.else.if1.then --exclude-unit fir_filter_int.L1.body.if1.then
wrote /home/atsushi/evaluation_pWCET_analysis_using_inequalities_and_copulas/ipoint/bench/build/fir/fir.ipoint.c and /home/atsushi/evaluation_pWCET_analysis_using_inequalities_and_copulas/ipoint/bench/build/fir/schema_timing.json (4 instrumented units, ids 1..17)
+ make -s BENCH=fir MODE=timing SRC=/home/atsushi/evaluation_pWCET_analysis_using_inequalities_and_copulas/ipoint/bench/build/fir/fir.ipoint.c KERNEL_DEFS=
+ taskset -c 6 /home/atsushi/evaluation_pWCET_analysis_using_inequalities_and_copulas/ipoint/bench/build/fir/timing/bench_fir --out traces/fir/pilot/round1 --runs 1000 --full-trace-runs 1000 --seed0 20260829 --core 6 --warmup 1000 --param 0.0 --entry-id 1 --exit-id 2 --max-id 17 --calib 1
fir [timing]: 1000 runs in 0.3 s; e2e ticks min/mean/max = 261584/261872.2/285972; migrations=0 overflow=0
+ /usr/bin/python3 /home/atsushi/evaluation_pWCET_analysis_using_inequalities_and_copulas/ipoint/tools/ipoint_parse.py --schema /home/atsushi/evaluation_pWCET_analysis_using_inequalities_and_copulas/ipoint/bench/build/fir/schema_timing.json --trace-dir traces/fir/pilot/round1 --out traces/fir/pilot/round1/parsed --min-unit-ns 300.0
parsed 1000 runs, 4 units; implicit closes: 0, unmatched exits: 0, suggested exclusions: ['fir_filter_int.L1.body.L1', 'fir_filter_int.L1.body']
+ /usr/bin/python3 /home/atsushi/evaluation_pWCET_analysis_using_inequalities_and_copulas/ipoint/tools/ipoint_instrument.py /home/atsushi/evaluation_pWCET_analysis_using_inequalities_and_copulas/benchmarks/malardalen/fir.c --entry fir_filter_int --out /home/atsushi/evaluation_pWCET_analysis_using_inequalities_and_copulas/ipoint/bench/build/fir/fir.ipoint.c --schema /home/atsushi/evaluation_pWCET_analysis_using_inequalities_and_copulas/ipoint/bench/build/fir/schema_timing.json --bounds /home/atsushi/evaluation_pWCET_analysis_using_inequalities_and_copulas/ipoint/bench/bounds/fir.bounds.json --all --exclude-unit fir_filter_int.L1.body --exclude-unit fir_filter_int.L1.body.L1 --exclude-unit fir_filter_int.L1.body.L1.body --exclude-unit fir_filter_int.L1.body.if1.else --exclude-unit fir_filter_int.L1.body.if1.else.if1.then --exclude-unit fir_filter_int.L1.body.if1.then
wrote /home/atsushi/evaluation_pWCET_analysis_using_inequalities_and_copulas/ipoint/bench/build/fir/fir.ipoint.c and /home/atsushi/evaluation_pWCET_analysis_using_inequalities_and_copulas/ipoint/bench/build/fir/schema_timing.json (2 instrumented units, ids 1..17)
+ make -s BENCH=fir MODE=timing SRC=/home/atsushi/evaluation_pWCET_analysis_using_inequalities_and_copulas/ipoint/bench/build/fir/fir.ipoint.c KERNEL_DEFS=
+ taskset -c 6 /home/atsushi/evaluation_pWCET_analysis_using_inequalities_and_copulas/ipoint/bench/build/fir/timing/bench_fir --out traces/fir/pilot/round2 --runs 1000 --full-trace-runs 1000 --seed0 20260829 --core 6 --warmup 1000 --param 0.0 --entry-id 1 --exit-id 2 --max-id 17 --calib 1
fir [timing]: 1000 runs in 0.1 s; e2e ticks min/mean/max = 69188/69494.7/85906; migrations=0 overflow=0
+ /usr/bin/python3 /home/atsushi/evaluation_pWCET_analysis_using_inequalities_and_copulas/ipoint/tools/ipoint_parse.py --schema /home/atsushi/evaluation_pWCET_analysis_using_inequalities_and_copulas/ipoint/bench/build/fir/schema_timing.json --trace-dir traces/fir/pilot/round2 --out traces/fir/pilot/round2/parsed --min-unit-ns 300.0
parsed 1000 runs, 2 units; implicit closes: 0, unmatched exits: 0, suggested exclusions: []
+ /usr/bin/python3 /home/atsushi/evaluation_pWCET_analysis_using_inequalities_and_copulas/ipoint/tools/ipoint_instrument.py /home/atsushi/evaluation_pWCET_analysis_using_inequalities_and_copulas/benchmarks/malardalen/fir.c --entry fir_filter_int --out /home/atsushi/evaluation_pWCET_analysis_using_inequalities_and_copulas/ipoint/bench/build/fir/fir.ipoint.c --schema /home/atsushi/evaluation_pWCET_analysis_using_inequalities_and_copulas/ipoint/bench/build/fir/schema_timing.json --bounds /home/atsushi/evaluation_pWCET_analysis_using_inequalities_and_copulas/ipoint/bench/bounds/fir.bounds.json --all --exclude-unit fir_filter_int.L1.body --exclude-unit fir_filter_int.L1.body.L1 --exclude-unit fir_filter_int.L1.body.L1.body --exclude-unit fir_filter_int.L1.body.if1.else --exclude-unit fir_filter_int.L1.body.if1.else.if1.then --exclude-unit fir_filter_int.L1.body.if1.then
wrote /home/atsushi/evaluation_pWCET_analysis_using_inequalities_and_copulas/ipoint/bench/build/fir/fir.ipoint.c and /home/atsushi/evaluation_pWCET_analysis_using_inequalities_and_copulas/ipoint/bench/build/fir/schema_timing.json (2 instrumented units, ids 1..17)
=== fir: build
+ make -s BENCH=fir MODE=off SRC=/home/atsushi/evaluation_pWCET_analysis_using_inequalities_and_copulas/ipoint/bench/build/fir/fir.ipoint.c KERNEL_DEFS=
+ make -s BENCH=fir MODE=timing SRC=/home/atsushi/evaluation_pWCET_analysis_using_inequalities_and_copulas/ipoint/bench/build/fir/fir.ipoint.c KERNEL_DEFS=
+ make -s BENCH=fir MODE=coverage SRC=/home/atsushi/evaluation_pWCET_analysis_using_inequalities_and_copulas/ipoint/bench/build/fir/fir.ipoint_full.c KERNEL_DEFS=
=== fir: run
+ taskset -c 6 /home/atsushi/evaluation_pWCET_analysis_using_inequalities_and_copulas/ipoint/bench/build/fir/timing/bench_fir --out traces/fir/timing --runs 10000000 --full-trace-runs 100000 --seed0 20260829 --core 6 --warmup 1000 --param 0.0 --entry-id 1 --exit-id 2 --max-id 17 --calib 1
fir: 1000000/10000000 runs, 36.1 s elapsed
fir: 2000000/10000000 runs, 72.1 s elapsed
fir: 3000000/10000000 runs, 108.1 s elapsed
fir: 4000000/10000000 runs, 144.1 s elapsed
fir: 5000000/10000000 runs, 180.2 s elapsed
fir: 6000000/10000000 runs, 216.2 s elapsed
fir: 7000000/10000000 runs, 252.2 s elapsed
fir: 8000000/10000000 runs, 288.2 s elapsed
fir: 9000000/10000000 runs, 324.3 s elapsed
fir: 10000000/10000000 runs, 360.3 s elapsed
fir [timing]: 10000000 runs in 360.3 s; e2e ticks min/mean/max = 67786/69539.7/634796; migrations=0 overflow=0
+ taskset -c 6 /home/atsushi/evaluation_pWCET_analysis_using_inequalities_and_copulas/ipoint/bench/build/fir/off/bench_fir --out traces/fir/off --runs 100000 --full-trace-runs 0 --seed0 20260829 --core 6 --warmup 1000 --param 0.0 --entry-id 1 --exit-id 2 --max-id 17 --calib 1
fir [off]: 100000 runs in 4.6 s; e2e ticks min/mean/max = 90110/90300.0/116256; migrations=0 overflow=0
+ taskset -c 6 /home/atsushi/evaluation_pWCET_analysis_using_inequalities_and_copulas/ipoint/bench/build/fir/coverage/bench_fir --out traces/fir/coverage --runs 10000000 --full-trace-runs 0 --seed0 20260829 --core 6 --warmup 1000 --param 0.0 --entry-id 1 --exit-id 2 --max-id 17 --calib 1
fir: 1000000/10000000 runs, 80.6 s elapsed
fir: 2000000/10000000 runs, 161.1 s elapsed
fir: 3000000/10000000 runs, 241.6 s elapsed
fir: 4000000/10000000 runs, 322.1 s elapsed
fir: 5000000/10000000 runs, 402.6 s elapsed
fir: 6000000/10000000 runs, 483.1 s elapsed
fir: 7000000/10000000 runs, 563.6 s elapsed
fir: 8000000/10000000 runs, 644.2 s elapsed
fir: 9000000/10000000 runs, 724.7 s elapsed
fir: 10000000/10000000 runs, 805.2 s elapsed
fir [coverage]: 10000000 runs in 805.2 s; e2e ticks min/mean/max = 161554/162851.4/11100286; migrations=0 overflow=0
=== fir: parse
+ /usr/bin/python3 /home/atsushi/evaluation_pWCET_analysis_using_inequalities_and_copulas/ipoint/tools/ipoint_parse.py --schema /home/atsushi/evaluation_pWCET_analysis_using_inequalities_and_copulas/ipoint/bench/build/fir/schema_timing.json --trace-dir traces/fir/timing --out traces/fir/parsed --min-unit-ns 300.0
parsed 10000/100000 runs
parsed 20000/100000 runs
parsed 30000/100000 runs
parsed 40000/100000 runs
parsed 50000/100000 runs
parsed 60000/100000 runs
parsed 70000/100000 runs
parsed 80000/100000 runs
parsed 90000/100000 runs
parsed 100000/100000 runs
parsed 100000 runs, 2 units; implicit closes: 0, unmatched exits: 0, suggested exclusions: []
+ /usr/bin/python3 /home/atsushi/evaluation_pWCET_analysis_using_inequalities_and_copulas/ipoint/tools/ipoint_check.py --schema /home/atsushi/evaluation_pWCET_analysis_using_inequalities_and_copulas/ipoint/bench/build/fir/schema_timing.json --trace-dir traces/fir/timing --parsed traces/fir/parsed
fir: 0 failures over 100000 runs, 2 units
+ /usr/bin/python3 /home/atsushi/evaluation_pWCET_analysis_using_inequalities_and_copulas/ipoint/tools/ipoint_overhead.py --off traces/fir/off --timing traces/fir/timing --coverage traces/fir/coverage --out traces/fir/overhead.json
+ /usr/bin/python3 /home/atsushi/evaluation_pWCET_analysis_using_inequalities_and_copulas/ipoint/tools/ipoint_coverage.py --schema /home/atsushi/evaluation_pWCET_analysis_using_inequalities_and_copulas/ipoint/bench/build/fir/schema_full.json --dir traces/fir/coverage --train 10000 --out traces/fir/coverage.json
=== matmult: instrument
+ /usr/bin/python3 /home/atsushi/evaluation_pWCET_analysis_using_inequalities_and_copulas/ipoint/tools/ipoint_instrument.py /home/atsushi/evaluation_pWCET_analysis_using_inequalities_and_copulas/benchmarks/malardalen/matmult.c --entry Multiply --out /home/atsushi/evaluation_pWCET_analysis_using_inequalities_and_copulas/ipoint/bench/build/matmult/matmult.ipoint_full.c --schema /home/atsushi/evaluation_pWCET_analysis_using_inequalities_and_copulas/ipoint/bench/build/matmult/schema_full.json --all
wrote /home/atsushi/evaluation_pWCET_analysis_using_inequalities_and_copulas/ipoint/bench/build/matmult/matmult.ipoint_full.c and /home/atsushi/evaluation_pWCET_analysis_using_inequalities_and_copulas/ipoint/bench/build/matmult/schema_full.json (15 instrumented units, ids 1..30)
=== matmult: pilot
+ /usr/bin/python3 /home/atsushi/evaluation_pWCET_analysis_using_inequalities_and_copulas/ipoint/tools/ipoint_instrument.py /home/atsushi/evaluation_pWCET_analysis_using_inequalities_and_copulas/benchmarks/malardalen/matmult.c --entry Multiply --out /home/atsushi/evaluation_pWCET_analysis_using_inequalities_and_copulas/ipoint/bench/build/matmult/matmult.ipoint.c --schema /home/atsushi/evaluation_pWCET_analysis_using_inequalities_and_copulas/ipoint/bench/build/matmult/schema_timing.json --all
wrote /home/atsushi/evaluation_pWCET_analysis_using_inequalities_and_copulas/ipoint/bench/build/matmult/matmult.ipoint.c and /home/atsushi/evaluation_pWCET_analysis_using_inequalities_and_copulas/ipoint/bench/build/matmult/schema_timing.json (15 instrumented units, ids 1..30)
+ make -s BENCH=matmult MODE=timing SRC=/home/atsushi/evaluation_pWCET_analysis_using_inequalities_and_copulas/ipoint/bench/build/matmult/matmult.ipoint.c KERNEL_DEFS=
+ taskset -c 6 /home/atsushi/evaluation_pWCET_analysis_using_inequalities_and_copulas/ipoint/bench/build/matmult/timing/bench_matmult --out traces/matmult/pilot/round0 --runs 1000 --full-trace-runs 1000 --seed0 20260829 --core 6 --warmup 1000 --param 0.0 --entry-id 17 --exit-id 18 --max-id 30 --calib 1
matmult [timing]: 1000 runs in 1.4 s; e2e ticks min/mean/max = 1174526/1175495.5/1187218; migrations=0 overflow=0
+ /usr/bin/python3 /home/atsushi/evaluation_pWCET_analysis_using_inequalities_and_copulas/ipoint/tools/ipoint_parse.py --schema /home/atsushi/evaluation_pWCET_analysis_using_inequalities_and_copulas/ipoint/bench/build/matmult/schema_timing.json --trace-dir traces/matmult/pilot/round0 --out traces/matmult/pilot/round0/parsed --min-unit-ns 300.0
parsed 1000 runs, 7 units; implicit closes: 0, unmatched exits: 0, suggested exclusions: ['Multiply.L1.body.L1.body.L1.body']
+ /usr/bin/python3 /home/atsushi/evaluation_pWCET_analysis_using_inequalities_and_copulas/ipoint/tools/ipoint_instrument.py /home/atsushi/evaluation_pWCET_analysis_using_inequalities_and_copulas/benchmarks/malardalen/matmult.c --entry Multiply --out /home/atsushi/evaluation_pWCET_analysis_using_inequalities_and_copulas/ipoint/bench/build/matmult/matmult.ipoint.c --schema /home/atsushi/evaluation_pWCET_analysis_using_inequalities_and_copulas/ipoint/bench/build/matmult/schema_timing.json --all --exclude-unit Multiply.L1.body.L1.body.L1.body
wrote /home/atsushi/evaluation_pWCET_analysis_using_inequalities_and_copulas/ipoint/bench/build/matmult/matmult.ipoint.c and /home/atsushi/evaluation_pWCET_analysis_using_inequalities_and_copulas/ipoint/bench/build/matmult/schema_timing.json (14 instrumented units, ids 1..30)
+ make -s BENCH=matmult MODE=timing SRC=/home/atsushi/evaluation_pWCET_analysis_using_inequalities_and_copulas/ipoint/bench/build/matmult/matmult.ipoint.c KERNEL_DEFS=
+ taskset -c 6 /home/atsushi/evaluation_pWCET_analysis_using_inequalities_and_copulas/ipoint/bench/build/matmult/timing/bench_matmult --out traces/matmult/pilot/round1 --runs 1000 --full-trace-runs 1000 --seed0 20260829 --core 6 --warmup 1000 --param 0.0 --entry-id 17 --exit-id 18 --max-id 30 --calib 1
matmult [timing]: 1000 runs in 0.2 s; e2e ticks min/mean/max = 125740/125934.1/135984; migrations=0 overflow=0
+ /usr/bin/python3 /home/atsushi/evaluation_pWCET_analysis_using_inequalities_and_copulas/ipoint/tools/ipoint_parse.py --schema /home/atsushi/evaluation_pWCET_analysis_using_inequalities_and_copulas/ipoint/bench/build/matmult/schema_timing.json --trace-dir traces/matmult/pilot/round1 --out traces/matmult/pilot/round1/parsed --min-unit-ns 300.0
parsed 1000 runs, 6 units; implicit closes: 0, unmatched exits: 0, suggested exclusions: ['Multiply.L1.body.L1.body.L1', 'Multiply.L1.body.L1.body']
+ /usr/bin/python3 /home/atsushi/evaluation_pWCET_analysis_using_inequalities_and_copulas/ipoint/tools/ipoint_instrument.py /home/atsushi/evaluation_pWCET_analysis_using_inequalities_and_copulas/benchmarks/malardalen/matmult.c --entry Multiply --out /home/atsushi/evaluation_pWCET_analysis_using_inequalities_and_copulas/ipoint/bench/build/matmult/matmult.ipoint.c --schema /home/atsushi/evaluation_pWCET_analysis_using_inequalities_and_copulas/ipoint/bench/build/matmult/schema_timing.json --all --exclude-unit Multiply.L1.body.L1.body --exclude-unit Multiply.L1.body.L1.body.L1 --exclude-unit Multiply.L1.body.L1.body.L1.body
wrote /home/atsushi/evaluation_pWCET_analysis_using_inequalities_and_copulas/ipoint/bench/build/matmult/matmult.ipoint.c and /home/atsushi/evaluation_pWCET_analysis_using_inequalities_and_copulas/ipoint/bench/build/matmult/schema_timing.json (12 instrumented units, ids 1..30)
+ make -s BENCH=matmult MODE=timing SRC=/home/atsushi/evaluation_pWCET_analysis_using_inequalities_and_copulas/ipoint/bench/build/matmult/matmult.ipoint.c KERNEL_DEFS=
+ taskset -c 6 /home/atsushi/evaluation_pWCET_analysis_using_inequalities_and_copulas/ipoint/bench/build/matmult/timing/bench_matmult --out traces/matmult/pilot/round2 --runs 1000 --full-trace-runs 1000 --seed0 20260829 --core 6 --warmup 1000 --param 0.0 --entry-id 17 --exit-id 18 --max-id 30 --calib 1
matmult [timing]: 1000 runs in 0.0 s; e2e ticks min/mean/max = 22064/22166.0/28152; migrations=0 overflow=0
+ /usr/bin/python3 /home/atsushi/evaluation_pWCET_analysis_using_inequalities_and_copulas/ipoint/tools/ipoint_parse.py --schema /home/atsushi/evaluation_pWCET_analysis_using_inequalities_and_copulas/ipoint/bench/build/matmult/schema_timing.json --trace-dir traces/matmult/pilot/round2 --out traces/matmult/pilot/round2/parsed --min-unit-ns 300.0
parsed 1000 runs, 4 units; implicit closes: 0, unmatched exits: 0, suggested exclusions: []
+ /usr/bin/python3 /home/atsushi/evaluation_pWCET_analysis_using_inequalities_and_copulas/ipoint/tools/ipoint_instrument.py /home/atsushi/evaluation_pWCET_analysis_using_inequalities_and_copulas/benchmarks/malardalen/matmult.c --entry Multiply --out /home/atsushi/evaluation_pWCET_analysis_using_inequalities_and_copulas/ipoint/bench/build/matmult/matmult.ipoint.c --schema /home/atsushi/evaluation_pWCET_analysis_using_inequalities_and_copulas/ipoint/bench/build/matmult/schema_timing.json --all --exclude-unit Multiply.L1.body --exclude-unit Multiply.L1.body.L1 --exclude-unit Multiply.L1.body.L1.body --exclude-unit Multiply.L1.body.L1.body.L1 --exclude-unit Multiply.L1.body.L1.body.L1.body
wrote /home/atsushi/evaluation_pWCET_analysis_using_inequalities_and_copulas/ipoint/bench/build/matmult/matmult.ipoint.c and /home/atsushi/evaluation_pWCET_analysis_using_inequalities_and_copulas/ipoint/bench/build/matmult/schema_timing.json (10 instrumented units, ids 1..30)
+ make -s BENCH=matmult MODE=timing SRC=/home/atsushi/evaluation_pWCET_analysis_using_inequalities_and_copulas/ipoint/bench/build/matmult/matmult.ipoint.c KERNEL_DEFS=
+ taskset -c 6 /home/atsushi/evaluation_pWCET_analysis_using_inequalities_and_copulas/ipoint/bench/build/matmult/timing/bench_matmult --out traces/matmult/pilot/round3 --runs 1000 --full-trace-runs 1000 --seed0 20260829 --core 6 --warmup 1000 --param 0.0 --entry-id 17 --exit-id 18 --max-id 30 --calib 1
matmult [timing]: 1000 runs in 0.0 s; e2e ticks min/mean/max = 17542/17578.5/22088; migrations=0 overflow=0
+ /usr/bin/python3 /home/atsushi/evaluation_pWCET_analysis_using_inequalities_and_copulas/ipoint/tools/ipoint_parse.py --schema /home/atsushi/evaluation_pWCET_analysis_using_inequalities_and_copulas/ipoint/bench/build/matmult/schema_timing.json --trace-dir traces/matmult/pilot/round3 --out traces/matmult/pilot/round3/parsed --min-unit-ns 300.0
parsed 1000 runs, 2 units; implicit closes: 0, unmatched exits: 0, suggested exclusions: []
+ /usr/bin/python3 /home/atsushi/evaluation_pWCET_analysis_using_inequalities_and_copulas/ipoint/tools/ipoint_instrument.py /home/atsushi/evaluation_pWCET_analysis_using_inequalities_and_copulas/benchmarks/malardalen/matmult.c --entry Multiply --out /home/atsushi/evaluation_pWCET_analysis_using_inequalities_and_copulas/ipoint/bench/build/matmult/matmult.ipoint.c --schema /home/atsushi/evaluation_pWCET_analysis_using_inequalities_and_copulas/ipoint/bench/build/matmult/schema_timing.json --all --exclude-unit Multiply.L1.body --exclude-unit Multiply.L1.body.L1 --exclude-unit Multiply.L1.body.L1.body --exclude-unit Multiply.L1.body.L1.body.L1 --exclude-unit Multiply.L1.body.L1.body.L1.body
wrote /home/atsushi/evaluation_pWCET_analysis_using_inequalities_and_copulas/ipoint/bench/build/matmult/matmult.ipoint.c and /home/atsushi/evaluation_pWCET_analysis_using_inequalities_and_copulas/ipoint/bench/build/matmult/schema_timing.json (10 instrumented units, ids 1..30)
=== matmult: build
+ make -s BENCH=matmult MODE=off SRC=/home/atsushi/evaluation_pWCET_analysis_using_inequalities_and_copulas/ipoint/bench/build/matmult/matmult.ipoint.c KERNEL_DEFS=
+ make -s BENCH=matmult MODE=timing SRC=/home/atsushi/evaluation_pWCET_analysis_using_inequalities_and_copulas/ipoint/bench/build/matmult/matmult.ipoint.c KERNEL_DEFS=
+ make -s BENCH=matmult MODE=coverage SRC=/home/atsushi/evaluation_pWCET_analysis_using_inequalities_and_copulas/ipoint/bench/build/matmult/matmult.ipoint_full.c KERNEL_DEFS=
=== matmult: run
+ taskset -c 6 /home/atsushi/evaluation_pWCET_analysis_using_inequalities_and_copulas/ipoint/bench/build/matmult/timing/bench_matmult --out traces/matmult/timing --runs 10000000 --full-trace-runs 100000 --seed0 20260829 --core 6 --warmup 1000 --param 0.0 --entry-id 17 --exit-id 18 --max-id 30 --calib 1
matmult: 1000000/10000000 runs, 11.4 s elapsed
matmult: 2000000/10000000 runs, 22.7 s elapsed
matmult: 3000000/10000000 runs, 34.1 s elapsed
matmult: 4000000/10000000 runs, 45.4 s elapsed
matmult: 5000000/10000000 runs, 56.8 s elapsed
matmult: 6000000/10000000 runs, 68.1 s elapsed
matmult: 7000000/10000000 runs, 79.5 s elapsed
matmult: 8000000/10000000 runs, 90.8 s elapsed
matmult: 9000000/10000000 runs, 102.2 s elapsed
matmult: 10000000/10000000 runs, 113.5 s elapsed
matmult [timing]: 10000000 runs in 113.5 s; e2e ticks min/mean/max = 17430/17581.4/529264; migrations=0 overflow=0
+ taskset -c 6 /home/atsushi/evaluation_pWCET_analysis_using_inequalities_and_copulas/ipoint/bench/build/matmult/off/bench_matmult --out traces/matmult/off --runs 100000 --full-trace-runs 0 --seed0 20260829 --core 6 --warmup 1000 --param 0.0 --entry-id 17 --exit-id 18 --max-id 30 --calib 1
matmult [off]: 100000 runs in 1.1 s; e2e ticks min/mean/max = 16504/16605.8/430554; migrations=0 overflow=0
+ taskset -c 6 /home/atsushi/evaluation_pWCET_analysis_using_inequalities_and_copulas/ipoint/bench/build/matmult/coverage/bench_matmult --out traces/matmult/coverage --runs 10000000 --full-trace-runs 0 --seed0 20260829 --core 6 --warmup 1000 --param 0.0 --entry-id 17 --exit-id 18 --max-id 30 --calib 1
matmult: 1000000/10000000 runs, 29.1 s elapsed
matmult: 2000000/10000000 runs, 58.2 s elapsed
matmult: 3000000/10000000 runs, 87.3 s elapsed
matmult: 4000000/10000000 runs, 116.4 s elapsed
matmult: 5000000/10000000 runs, 145.5 s elapsed
matmult: 6000000/10000000 runs, 174.5 s elapsed
matmult: 7000000/10000000 runs, 203.6 s elapsed
matmult: 8000000/10000000 runs, 232.7 s elapsed
matmult: 9000000/10000000 runs, 261.8 s elapsed
matmult: 10000000/10000000 runs, 290.9 s elapsed
matmult [coverage]: 10000000 runs in 290.9 s; e2e ticks min/mean/max = 54094/55036.3/630498; migrations=0 overflow=0
=== matmult: parse
+ /usr/bin/python3 /home/atsushi/evaluation_pWCET_analysis_using_inequalities_and_copulas/ipoint/tools/ipoint_parse.py --schema /home/atsushi/evaluation_pWCET_analysis_using_inequalities_and_copulas/ipoint/bench/build/matmult/schema_timing.json --trace-dir traces/matmult/timing --out traces/matmult/parsed --min-unit-ns 300.0
parsed 10000/100000 runs
parsed 20000/100000 runs
parsed 30000/100000 runs
parsed 40000/100000 runs
parsed 50000/100000 runs
parsed 60000/100000 runs
parsed 70000/100000 runs
parsed 80000/100000 runs
parsed 90000/100000 runs
parsed 100000/100000 runs
parsed 100000 runs, 2 units; implicit closes: 0, unmatched exits: 0, suggested exclusions: []
+ /usr/bin/python3 /home/atsushi/evaluation_pWCET_analysis_using_inequalities_and_copulas/ipoint/tools/ipoint_check.py --schema /home/atsushi/evaluation_pWCET_analysis_using_inequalities_and_copulas/ipoint/bench/build/matmult/schema_timing.json --trace-dir traces/matmult/timing --parsed traces/matmult/parsed
matmult: 0 failures over 100000 runs, 2 units
+ /usr/bin/python3 /home/atsushi/evaluation_pWCET_analysis_using_inequalities_and_copulas/ipoint/tools/ipoint_overhead.py --off traces/matmult/off --timing traces/matmult/timing --coverage traces/matmult/coverage --out traces/matmult/overhead.json
+ /usr/bin/python3 /home/atsushi/evaluation_pWCET_analysis_using_inequalities_and_copulas/ipoint/tools/ipoint_coverage.py --schema /home/atsushi/evaluation_pWCET_analysis_using_inequalities_and_copulas/ipoint/bench/build/matmult/schema_full.json --dir traces/matmult/coverage --train 10000 --out traces/matmult/coverage.json
=== sqrt: instrument
+ /usr/bin/python3 /home/atsushi/evaluation_pWCET_analysis_using_inequalities_and_copulas/ipoint/tools/ipoint_instrument.py /home/atsushi/evaluation_pWCET_analysis_using_inequalities_and_copulas/benchmarks/malardalen/sqrt.c --entry sqrtfcn --out /home/atsushi/evaluation_pWCET_analysis_using_inequalities_and_copulas/ipoint/bench/build/sqrt/sqrt.ipoint_full.c --schema /home/atsushi/evaluation_pWCET_analysis_using_inequalities_and_copulas/ipoint/bench/build/sqrt/schema_full.json --all
wrote /home/atsushi/evaluation_pWCET_analysis_using_inequalities_and_copulas/ipoint/bench/build/sqrt/sqrt.ipoint_full.c and /home/atsushi/evaluation_pWCET_analysis_using_inequalities_and_copulas/ipoint/bench/build/sqrt/schema_full.json (12 instrumented units, ids 1..22)
=== sqrt: pilot
+ /usr/bin/python3 /home/atsushi/evaluation_pWCET_analysis_using_inequalities_and_copulas/ipoint/tools/ipoint_instrument.py /home/atsushi/evaluation_pWCET_analysis_using_inequalities_and_copulas/benchmarks/malardalen/sqrt.c --entry sqrtfcn --out /home/atsushi/evaluation_pWCET_analysis_using_inequalities_and_copulas/ipoint/bench/build/sqrt/sqrt.ipoint.c --schema /home/atsushi/evaluation_pWCET_analysis_using_inequalities_and_copulas/ipoint/bench/build/sqrt/schema_timing.json --all
wrote /home/atsushi/evaluation_pWCET_analysis_using_inequalities_and_copulas/ipoint/bench/build/sqrt/sqrt.ipoint.c and /home/atsushi/evaluation_pWCET_analysis_using_inequalities_and_copulas/ipoint/bench/build/sqrt/schema_timing.json (12 instrumented units, ids 1..22)
+ make -s BENCH=sqrt MODE=timing SRC=/home/atsushi/evaluation_pWCET_analysis_using_inequalities_and_copulas/ipoint/bench/build/sqrt/sqrt.ipoint.c KERNEL_DEFS=
+ taskset -c 6 /home/atsushi/evaluation_pWCET_analysis_using_inequalities_and_copulas/ipoint/bench/build/sqrt/timing/bench_sqrt --out traces/sqrt/pilot/round0 --runs 1000 --full-trace-runs 1000 --seed0 20260829 --core 6 --warmup 1000 --param 0.001 --entry-id 7 --exit-id 8 --max-id 22 --calib 1
sqrt [timing]: 1000 runs in 0.0 s; e2e ticks min/mean/max = 5496/9892.4/14898; migrations=0 overflow=0
+ /usr/bin/python3 /home/atsushi/evaluation_pWCET_analysis_using_inequalities_and_copulas/ipoint/tools/ipoint_parse.py --schema /home/atsushi/evaluation_pWCET_analysis_using_inequalities_and_copulas/ipoint/bench/build/sqrt/schema_timing.json --trace-dir traces/sqrt/pilot/round0 --out traces/sqrt/pilot/round0/parsed --min-unit-ns 300.0
parsed 1000 runs, 11 units; implicit closes: 0, unmatched exits: 0, suggested exclusions: ['fabs.if1.then', 'fabs', 'sqrtfcn.if1.else.L1.body.if1.then', 'sqrtfcn.if1.else.L1.body', 'fabs.if1.else', 'sqrtfcn.if1.else.L1.body.if1.then.if1.then']
+ /usr/bin/python3 /home/atsushi/evaluation_pWCET_analysis_using_inequalities_and_copulas/ipoint/tools/ipoint_instrument.py /home/atsushi/evaluation_pWCET_analysis_using_inequalities_and_copulas/benchmarks/malardalen/sqrt.c --entry sqrtfcn --out /home/atsushi/evaluation_pWCET_analysis_using_inequalities_and_copulas/ipoint/bench/build/sqrt/sqrt.ipoint.c --schema /home/atsushi/evaluation_pWCET_analysis_using_inequalities_and_copulas/ipoint/bench/build/sqrt/schema_timing.json --all --exclude-unit fabs --exclude-unit fabs.if1.else --exclude-unit fabs.if1.then --exclude-unit sqrtfcn.if1.else.L1.body --exclude-unit sqrtfcn.if1.else.L1.body.if1.then --exclude-unit sqrtfcn.if1.else.L1.body.if1.then.if1.then
wrote /home/atsushi/evaluation_pWCET_analysis_using_inequalities_and_copulas/ipoint/bench/build/sqrt/sqrt.ipoint.c and /home/atsushi/evaluation_pWCET_analysis_using_inequalities_and_copulas/ipoint/bench/build/sqrt/schema_timing.json (4 instrumented units, ids 1..22)
+ make -s BENCH=sqrt MODE=timing SRC=/home/atsushi/evaluation_pWCET_analysis_using_inequalities_and_copulas/ipoint/bench/build/sqrt/sqrt.ipoint.c KERNEL_DEFS=
+ taskset -c 6 /home/atsushi/evaluation_pWCET_analysis_using_inequalities_and_copulas/ipoint/bench/build/sqrt/timing/bench_sqrt --out traces/sqrt/pilot/round1 --runs 1000 --full-trace-runs 1000 --seed0 20260829 --core 6 --warmup 1000 --param 0.001 --entry-id 7 --exit-id 8 --max-id 22 --calib 1
sqrt [timing]: 1000 runs in 0.0 s; e2e ticks min/mean/max = 482/871.2/1188; migrations=0 overflow=0
+ /usr/bin/python3 /home/atsushi/evaluation_pWCET_analysis_using_inequalities_and_copulas/ipoint/tools/ipoint_parse.py --schema /home/atsushi/evaluation_pWCET_analysis_using_inequalities_and_copulas/ipoint/bench/build/sqrt/schema_timing.json --trace-dir traces/sqrt/pilot/round1 --out traces/sqrt/pilot/round1/parsed --min-unit-ns 300.0
parsed 1000 runs, 3 units; implicit closes: 0, unmatched exits: 0, suggested exclusions: ['sqrtfcn.if1.else.L1', 'sqrtfcn.if1.else']
+ /usr/bin/python3 /home/atsushi/evaluation_pWCET_analysis_using_inequalities_and_copulas/ipoint/tools/ipoint_instrument.py /home/atsushi/evaluation_pWCET_analysis_using_inequalities_and_copulas/benchmarks/malardalen/sqrt.c --entry sqrtfcn --out /home/atsushi/evaluation_pWCET_analysis_using_inequalities_and_copulas/ipoint/bench/build/sqrt/sqrt.ipoint.c --schema /home/atsushi/evaluation_pWCET_analysis_using_inequalities_and_copulas/ipoint/bench/build/sqrt/schema_timing.json --all --exclude-unit fabs --exclude-unit fabs.if1.else --exclude-unit fabs.if1.then --exclude-unit sqrtfcn.if1.else --exclude-unit sqrtfcn.if1.else.L1 --exclude-unit sqrtfcn.if1.else.L1.body --exclude-unit sqrtfcn.if1.else.L1.body.if1.then --exclude-unit sqrtfcn.if1.else.L1.body.if1.then.if1.then
wrote /home/atsushi/evaluation_pWCET_analysis_using_inequalities_and_copulas/ipoint/bench/build/sqrt/sqrt.ipoint.c and /home/atsushi/evaluation_pWCET_analysis_using_inequalities_and_copulas/ipoint/bench/build/sqrt/schema_timing.json (2 instrumented units, ids 1..22)
+ make -s BENCH=sqrt MODE=timing SRC=/home/atsushi/evaluation_pWCET_analysis_using_inequalities_and_copulas/ipoint/bench/build/sqrt/sqrt.ipoint.c KERNEL_DEFS=
+ taskset -c 6 /home/atsushi/evaluation_pWCET_analysis_using_inequalities_and_copulas/ipoint/bench/build/sqrt/timing/bench_sqrt --out traces/sqrt/pilot/round2 --runs 1000 --full-trace-runs 1000 --seed0 20260829 --core 6 --warmup 1000 --param 0.001 --entry-id 7 --exit-id 8 --max-id 22 --calib 1
sqrt [timing]: 1000 runs in 0.0 s; e2e ticks min/mean/max = 220/607.2/918; migrations=0 overflow=0
+ /usr/bin/python3 /home/atsushi/evaluation_pWCET_analysis_using_inequalities_and_copulas/ipoint/tools/ipoint_parse.py --schema /home/atsushi/evaluation_pWCET_analysis_using_inequalities_and_copulas/ipoint/bench/build/sqrt/schema_timing.json --trace-dir traces/sqrt/pilot/round2 --out traces/sqrt/pilot/round2/parsed --min-unit-ns 300.0
parsed 1000 runs, 1 units; implicit closes: 0, unmatched exits: 0, suggested exclusions: []
+ /usr/bin/python3 /home/atsushi/evaluation_pWCET_analysis_using_inequalities_and_copulas/ipoint/tools/ipoint_instrument.py /home/atsushi/evaluation_pWCET_analysis_using_inequalities_and_copulas/benchmarks/malardalen/sqrt.c --entry sqrtfcn --out /home/atsushi/evaluation_pWCET_analysis_using_inequalities_and_copulas/ipoint/bench/build/sqrt/sqrt.ipoint.c --schema /home/atsushi/evaluation_pWCET_analysis_using_inequalities_and_copulas/ipoint/bench/build/sqrt/schema_timing.json --all --exclude-unit fabs --exclude-unit fabs.if1.else --exclude-unit fabs.if1.then --exclude-unit sqrtfcn.if1.else --exclude-unit sqrtfcn.if1.else.L1 --exclude-unit sqrtfcn.if1.else.L1.body --exclude-unit sqrtfcn.if1.else.L1.body.if1.then --exclude-unit sqrtfcn.if1.else.L1.body.if1.then.if1.then --exclude-unit sqrtfcn.if1.then
wrote /home/atsushi/evaluation_pWCET_analysis_using_inequalities_and_copulas/ipoint/bench/build/sqrt/sqrt.ipoint.c and /home/atsushi/evaluation_pWCET_analysis_using_inequalities_and_copulas/ipoint/bench/build/sqrt/schema_timing.json (1 instrumented units, ids 1..22)
+ make -s BENCH=sqrt MODE=timing SRC=/home/atsushi/evaluation_pWCET_analysis_using_inequalities_and_copulas/ipoint/bench/build/sqrt/sqrt.ipoint.c KERNEL_DEFS=
+ taskset -c 6 /home/atsushi/evaluation_pWCET_analysis_using_inequalities_and_copulas/ipoint/bench/build/sqrt/timing/bench_sqrt --out traces/sqrt/pilot/round3 --runs 1000 --full-trace-runs 1000 --seed0 20260829 --core 6 --warmup 1000 --param 0.001 --entry-id 7 --exit-id 8 --max-id 22 --calib 1
sqrt [timing]: 1000 runs in 0.0 s; e2e ticks min/mean/max = 218/605.3/924; migrations=0 overflow=0
+ /usr/bin/python3 /home/atsushi/evaluation_pWCET_analysis_using_inequalities_and_copulas/ipoint/tools/ipoint_parse.py --schema /home/atsushi/evaluation_pWCET_analysis_using_inequalities_and_copulas/ipoint/bench/build/sqrt/schema_timing.json --trace-dir traces/sqrt/pilot/round3 --out traces/sqrt/pilot/round3/parsed --min-unit-ns 300.0
parsed 1000 runs, 1 units; implicit closes: 0, unmatched exits: 0, suggested exclusions: []
+ /usr/bin/python3 /home/atsushi/evaluation_pWCET_analysis_using_inequalities_and_copulas/ipoint/tools/ipoint_instrument.py /home/atsushi/evaluation_pWCET_analysis_using_inequalities_and_copulas/benchmarks/malardalen/sqrt.c --entry sqrtfcn --out /home/atsushi/evaluation_pWCET_analysis_using_inequalities_and_copulas/ipoint/bench/build/sqrt/sqrt.ipoint.c --schema /home/atsushi/evaluation_pWCET_analysis_using_inequalities_and_copulas/ipoint/bench/build/sqrt/schema_timing.json --all --exclude-unit fabs --exclude-unit fabs.if1.else --exclude-unit fabs.if1.then --exclude-unit sqrtfcn.if1.else --exclude-unit sqrtfcn.if1.else.L1 --exclude-unit sqrtfcn.if1.else.L1.body --exclude-unit sqrtfcn.if1.else.L1.body.if1.then --exclude-unit sqrtfcn.if1.else.L1.body.if1.then.if1.then --exclude-unit sqrtfcn.if1.then
wrote /home/atsushi/evaluation_pWCET_analysis_using_inequalities_and_copulas/ipoint/bench/build/sqrt/sqrt.ipoint.c and /home/atsushi/evaluation_pWCET_analysis_using_inequalities_and_copulas/ipoint/bench/build/sqrt/schema_timing.json (1 instrumented units, ids 1..22)
=== sqrt: build
+ make -s BENCH=sqrt MODE=off SRC=/home/atsushi/evaluation_pWCET_analysis_using_inequalities_and_copulas/ipoint/bench/build/sqrt/sqrt.ipoint.c KERNEL_DEFS=
+ make -s BENCH=sqrt MODE=timing SRC=/home/atsushi/evaluation_pWCET_analysis_using_inequalities_and_copulas/ipoint/bench/build/sqrt/sqrt.ipoint.c KERNEL_DEFS=
+ make -s BENCH=sqrt MODE=coverage SRC=/home/atsushi/evaluation_pWCET_analysis_using_inequalities_and_copulas/ipoint/bench/build/sqrt/sqrt.ipoint_full.c KERNEL_DEFS=
=== sqrt: run
+ taskset -c 6 /home/atsushi/evaluation_pWCET_analysis_using_inequalities_and_copulas/ipoint/bench/build/sqrt/timing/bench_sqrt --out traces/sqrt/timing --runs 10000000 --full-trace-runs 100000 --seed0 20260829 --core 6 --warmup 1000 --param 0.001 --entry-id 7 --exit-id 8 --max-id 22 --calib 1
sqrt: 1000000/10000000 runs, 0.7 s elapsed
sqrt: 2000000/10000000 runs, 1.3 s elapsed
sqrt: 3000000/10000000 runs, 2.0 s elapsed
sqrt: 4000000/10000000 runs, 2.7 s elapsed
sqrt: 5000000/10000000 runs, 3.3 s elapsed
sqrt: 6000000/10000000 runs, 4.0 s elapsed
sqrt: 7000000/10000000 runs, 4.7 s elapsed
sqrt: 8000000/10000000 runs, 5.3 s elapsed
sqrt: 9000000/10000000 runs, 6.0 s elapsed
sqrt: 10000000/10000000 runs, 6.7 s elapsed
sqrt [timing]: 10000000 runs in 6.7 s; e2e ticks min/mean/max = 66/599.2/434220; migrations=0 overflow=0
+ taskset -c 6 /home/atsushi/evaluation_pWCET_analysis_using_inequalities_and_copulas/ipoint/bench/build/sqrt/off/bench_sqrt --out traces/sqrt/off --runs 100000 --full-trace-runs 0 --seed0 20260829 --core 6 --warmup 1000 --param 0.001 --entry-id 7 --exit-id 8 --max-id 22 --calib 1
sqrt [off]: 100000 runs in 0.1 s; e2e ticks min/mean/max = 60/603.7/12864; migrations=0 overflow=0
+ taskset -c 6 /home/atsushi/evaluation_pWCET_analysis_using_inequalities_and_copulas/ipoint/bench/build/sqrt/coverage/bench_sqrt --out traces/sqrt/coverage --runs 10000000 --full-trace-runs 0 --seed0 20260829 --core 6 --warmup 1000 --param 0.001 --entry-id 7 --exit-id 8 --max-id 22 --calib 1
sqrt: 1000000/10000000 runs, 0.7 s elapsed
sqrt: 2000000/10000000 runs, 1.5 s elapsed
sqrt: 3000000/10000000 runs, 2.2 s elapsed
sqrt: 4000000/10000000 runs, 3.0 s elapsed
sqrt: 5000000/10000000 runs, 3.7 s elapsed
sqrt: 6000000/10000000 runs, 4.5 s elapsed
sqrt: 7000000/10000000 runs, 5.3 s elapsed
sqrt: 8000000/10000000 runs, 6.0 s elapsed
sqrt: 9000000/10000000 runs, 6.8 s elapsed
sqrt: 10000000/10000000 runs, 7.5 s elapsed
sqrt [coverage]: 10000000 runs in 7.5 s; e2e ticks min/mean/max = 70/675.4/27704; migrations=0 overflow=0
=== sqrt: parse
+ /usr/bin/python3 /home/atsushi/evaluation_pWCET_analysis_using_inequalities_and_copulas/ipoint/tools/ipoint_parse.py --schema /home/atsushi/evaluation_pWCET_analysis_using_inequalities_and_copulas/ipoint/bench/build/sqrt/schema_timing.json --trace-dir traces/sqrt/timing --out traces/sqrt/parsed --min-unit-ns 300.0
parsed 10000/100000 runs
parsed 20000/100000 runs
parsed 30000/100000 runs
parsed 40000/100000 runs
parsed 50000/100000 runs
parsed 60000/100000 runs
parsed 70000/100000 runs
parsed 80000/100000 runs
parsed 90000/100000 runs
parsed 100000/100000 runs
parsed 100000 runs, 1 units; implicit closes: 0, unmatched exits: 0, suggested exclusions: []
+ /usr/bin/python3 /home/atsushi/evaluation_pWCET_analysis_using_inequalities_and_copulas/ipoint/tools/ipoint_check.py --schema /home/atsushi/evaluation_pWCET_analysis_using_inequalities_and_copulas/ipoint/bench/build/sqrt/schema_timing.json --trace-dir traces/sqrt/timing --parsed traces/sqrt/parsed
sqrt: 0 failures over 100000 runs, 1 units
+ /usr/bin/python3 /home/atsushi/evaluation_pWCET_analysis_using_inequalities_and_copulas/ipoint/tools/ipoint_overhead.py --off traces/sqrt/off --timing traces/sqrt/timing --coverage traces/sqrt/coverage --out traces/sqrt/overhead.json
+ /usr/bin/python3 /home/atsushi/evaluation_pWCET_analysis_using_inequalities_and_copulas/ipoint/tools/ipoint_coverage.py --schema /home/atsushi/evaluation_pWCET_analysis_using_inequalities_and_copulas/ipoint/bench/build/sqrt/schema_full.json --dir traces/sqrt/coverage --train 10000 --out traces/sqrt/coverage.json
=== edn: instrument
+ /usr/bin/python3 /home/atsushi/evaluation_pWCET_analysis_using_inequalities_and_copulas/ipoint/tools/ipoint_instrument.py /home/atsushi/evaluation_pWCET_analysis_using_inequalities_and_copulas/benchmarks/malardalen/edn.c --entry main --out /home/atsushi/evaluation_pWCET_analysis_using_inequalities_and_copulas/ipoint/bench/build/edn/edn.ipoint_full.c --schema /home/atsushi/evaluation_pWCET_analysis_using_inequalities_and_copulas/ipoint/bench/build/edn/schema_full.json --bounds /home/atsushi/evaluation_pWCET_analysis_using_inequalities_and_copulas/ipoint/bench/bounds/edn.bounds.json --keep-main --all
wrote /home/atsushi/evaluation_pWCET_analysis_using_inequalities_and_copulas/ipoint/bench/build/edn/edn.ipoint_full.c and /home/atsushi/evaluation_pWCET_analysis_using_inequalities_and_copulas/ipoint/bench/build/edn/schema_full.json (33 instrumented units, ids 1..66)
=== edn: pilot
+ /usr/bin/python3 /home/atsushi/evaluation_pWCET_analysis_using_inequalities_and_copulas/ipoint/tools/ipoint_instrument.py /home/atsushi/evaluation_pWCET_analysis_using_inequalities_and_copulas/benchmarks/malardalen/edn.c --entry main --out /home/atsushi/evaluation_pWCET_analysis_using_inequalities_and_copulas/ipoint/bench/build/edn/edn.ipoint.c --schema /home/atsushi/evaluation_pWCET_analysis_using_inequalities_and_copulas/ipoint/bench/build/edn/schema_timing.json --bounds /home/atsushi/evaluation_pWCET_analysis_using_inequalities_and_copulas/ipoint/bench/bounds/edn.bounds.json --keep-main --all
wrote /home/atsushi/evaluation_pWCET_analysis_using_inequalities_and_copulas/ipoint/bench/build/edn/edn.ipoint.c and /home/atsushi/evaluation_pWCET_analysis_using_inequalities_and_copulas/ipoint/bench/build/edn/schema_timing.json (33 instrumented units, ids 1..66)
+ make -s BENCH=edn MODE=timing SRC=/home/atsushi/evaluation_pWCET_analysis_using_inequalities_and_copulas/ipoint/bench/build/edn/edn.ipoint.c KERNEL_DEFS=
/home/atsushi/evaluation_pWCET_analysis_using_inequalities_and_copulas/ipoint/bench/build/edn/edn.ipoint.c: In function ‘codebook’:
/home/atsushi/evaluation_pWCET_analysis_using_inequalities_and_copulas/ipoint/bench/build/edn/edn.ipoint.c:156:25: warning: variable ‘tmpMask’ set but not used [-Wunused-but-set-variable]
  156 |         long int        tmpMask;
      |                         ^~~~~~~
+ taskset -c 6 /home/atsushi/evaluation_pWCET_analysis_using_inequalities_and_copulas/ipoint/bench/build/edn/timing/bench_edn --out traces/edn/pilot/round0 --runs 1000 --full-trace-runs 1000 --seed0 20260829 --core 6 --warmup 1000 --param 0.0 --entry-id 65 --exit-id 66 --max-id 66 --calib 1
edn [timing]: 1000 runs in 0.6 s; e2e ticks min/mean/max = 547010/547606.2/558584; migrations=0 overflow=0
+ /usr/bin/python3 /home/atsushi/evaluation_pWCET_analysis_using_inequalities_and_copulas/ipoint/tools/ipoint_parse.py --schema /home/atsushi/evaluation_pWCET_analysis_using_inequalities_and_copulas/ipoint/bench/build/edn/schema_timing.json --trace-dir traces/edn/pilot/round0 --out traces/edn/pilot/round0/parsed --min-unit-ns 300.0
parsed 1000 runs, 33 units; implicit closes: 0, unmatched exits: 0, suggested exclusions: ['vec_mpy1.L1.body', 'mac.L1.body', 'fir.L1.body.L1.body', 'fir_no_red_ld.L1.body.L1.body', 'latsynth.L1.body', 'iir1.L1.body', 'codebook.L1.body', 'jpegdct.L1.body.L1.body.L1.body', 'jpegdct.L1.body.L1.body.L1']
+ /usr/bin/python3 /home/atsushi/evaluation_pWCET_analysis_using_inequalities_and_copulas/ipoint/tools/ipoint_instrument.py /home/atsushi/evaluation_pWCET_analysis_using_inequalities_and_copulas/benchmarks/malardalen/edn.c --entry main --out /home/atsushi/evaluation_pWCET_analysis_using_inequalities_and_copulas/ipoint/bench/build/edn/edn.ipoint.c --schema /home/atsushi/evaluation_pWCET_analysis_using_inequalities_and_copulas/ipoint/bench/build/edn/schema_timing.json --bounds /home/atsushi/evaluation_pWCET_analysis_using_inequalities_and_copulas/ipoint/bench/bounds/edn.bounds.json --keep-main --all --exclude-unit codebook.L1.body --exclude-unit fir.L1.body.L1.body --exclude-unit fir_no_red_ld.L1.body.L1.body --exclude-unit iir1.L1.body --exclude-unit jpegdct.L1.body.L1.body.L1 --exclude-unit jpegdct.L1.body.L1.body.L1.body --exclude-unit latsynth.L1.body --exclude-unit mac.L1.body --exclude-unit vec_mpy1.L1.body
wrote /home/atsushi/evaluation_pWCET_analysis_using_inequalities_and_copulas/ipoint/bench/build/edn/edn.ipoint.c and /home/atsushi/evaluation_pWCET_analysis_using_inequalities_and_copulas/ipoint/bench/build/edn/schema_timing.json (24 instrumented units, ids 1..66)
+ make -s BENCH=edn MODE=timing SRC=/home/atsushi/evaluation_pWCET_analysis_using_inequalities_and_copulas/ipoint/bench/build/edn/edn.ipoint.c KERNEL_DEFS=
/home/atsushi/evaluation_pWCET_analysis_using_inequalities_and_copulas/ipoint/bench/build/edn/edn.ipoint.c: In function ‘codebook’:
/home/atsushi/evaluation_pWCET_analysis_using_inequalities_and_copulas/ipoint/bench/build/edn/edn.ipoint.c:156:25: warning: variable ‘tmpMask’ set but not used [-Wunused-but-set-variable]
  156 |         long int        tmpMask;
      |                         ^~~~~~~
+ taskset -c 6 /home/atsushi/evaluation_pWCET_analysis_using_inequalities_and_copulas/ipoint/bench/build/edn/timing/bench_edn --out traces/edn/pilot/round1 --runs 1000 --full-trace-runs 1000 --seed0 20260829 --core 6 --warmup 1000 --param 0.0 --entry-id 65 --exit-id 66 --max-id 66 --calib 1
edn [timing]: 1000 runs in 0.0 s; e2e ticks min/mean/max = 42590/42815.9/51556; migrations=0 overflow=0
+ /usr/bin/python3 /home/atsushi/evaluation_pWCET_analysis_using_inequalities_and_copulas/ipoint/tools/ipoint_parse.py --schema /home/atsushi/evaluation_pWCET_analysis_using_inequalities_and_copulas/ipoint/bench/build/edn/schema_timing.json --trace-dir traces/edn/pilot/round1 --out traces/edn/pilot/round1/parsed --min-unit-ns 300.0
parsed 1000 runs, 24 units; implicit closes: 0, unmatched exits: 0, suggested exclusions: ['vec_mpy1.L1', 'vec_mpy1', 'mac.L1', 'fir.L1.body.L1', 'fir.L1.body', 'fir_no_red_ld.L1.body.L1', 'fir_no_red_ld.L1.body', 'latsynth.L1', 'latsynth', 'iir1.L1', 'iir1', 'codebook.L1', 'codebook', 'jpegdct.L1.body.L1.body']
+ /usr/bin/python3 /home/atsushi/evaluation_pWCET_analysis_using_inequalities_and_copulas/ipoint/tools/ipoint_instrument.py /home/atsushi/evaluation_pWCET_analysis_using_inequalities_and_copulas/benchmarks/malardalen/edn.c --entry main --out /home/atsushi/evaluation_pWCET_analysis_using_inequalities_and_copulas/ipoint/bench/build/edn/edn.ipoint.c --schema /home/atsushi/evaluation_pWCET_analysis_using_inequalities_and_copulas/ipoint/bench/build/edn/schema_timing.json --bounds /home/atsushi/evaluation_pWCET_analysis_using_inequalities_and_copulas/ipoint/bench/bounds/edn.bounds.json --keep-main --all --exclude-unit codebook --exclude-unit codebook.L1 --exclude-unit codebook.L1.body --exclude-unit fir.L1.body --exclude-unit fir.L1.body.L1 --exclude-unit fir.L1.body.L1.body --exclude-unit fir_no_red_ld.L1.body --exclude-unit fir_no_red_ld.L1.body.L1 --exclude-unit fir_no_red_ld.L1.body.L1.body --exclude-unit iir1 --exclude-unit iir1.L1 --exclude-unit iir1.L1.body --exclude-unit jpegdct.L1.body.L1.body --exclude-unit jpegdct.L1.body.L1.body.L1 --exclude-unit jpegdct.L1.body.L1.body.L1.body --exclude-unit latsynth --exclude-unit latsynth.L1 --exclude-unit latsynth.L1.body --exclude-unit mac.L1 --exclude-unit mac.L1.body --exclude-unit vec_mpy1 --exclude-unit vec_mpy1.L1 --exclude-unit vec_mpy1.L1.body
wrote /home/atsushi/evaluation_pWCET_analysis_using_inequalities_and_copulas/ipoint/bench/build/edn/edn.ipoint.c and /home/atsushi/evaluation_pWCET_analysis_using_inequalities_and_copulas/ipoint/bench/build/edn/schema_timing.json (10 instrumented units, ids 1..66)
+ make -s BENCH=edn MODE=timing SRC=/home/atsushi/evaluation_pWCET_analysis_using_inequalities_and_copulas/ipoint/bench/build/edn/edn.ipoint.c KERNEL_DEFS=
/home/atsushi/evaluation_pWCET_analysis_using_inequalities_and_copulas/ipoint/bench/build/edn/edn.ipoint.c: In function ‘codebook’:
/home/atsushi/evaluation_pWCET_analysis_using_inequalities_and_copulas/ipoint/bench/build/edn/edn.ipoint.c:156:25: warning: variable ‘tmpMask’ set but not used [-Wunused-but-set-variable]
  156 |         long int        tmpMask;
      |                         ^~~~~~~
+ taskset -c 6 /home/atsushi/evaluation_pWCET_analysis_using_inequalities_and_copulas/ipoint/bench/build/edn/timing/bench_edn --out traces/edn/pilot/round2 --runs 1000 --full-trace-runs 1000 --seed0 20260829 --core 6 --warmup 1000 --param 0.0 --entry-id 65 --exit-id 66 --max-id 66 --calib 1
edn [timing]: 1000 runs in 0.0 s; e2e ticks min/mean/max = 12944/13288.7/17860; migrations=0 overflow=0
+ /usr/bin/python3 /home/atsushi/evaluation_pWCET_analysis_using_inequalities_and_copulas/ipoint/tools/ipoint_parse.py --schema /home/atsushi/evaluation_pWCET_analysis_using_inequalities_and_copulas/ipoint/bench/build/edn/schema_timing.json --trace-dir traces/edn/pilot/round2 --out traces/edn/pilot/round2/parsed --min-unit-ns 300.0
parsed 1000 runs, 10 units; implicit closes: 0, unmatched exits: 0, suggested exclusions: ['jpegdct.L1.body.L1', 'jpegdct.L1.body']
+ /usr/bin/python3 /home/atsushi/evaluation_pWCET_analysis_using_inequalities_and_copulas/ipoint/tools/ipoint_instrument.py /home/atsushi/evaluation_pWCET_analysis_using_inequalities_and_copulas/benchmarks/malardalen/edn.c --entry main --out /home/atsushi/evaluation_pWCET_analysis_using_inequalities_and_copulas/ipoint/bench/build/edn/edn.ipoint.c --schema /home/atsushi/evaluation_pWCET_analysis_using_inequalities_and_copulas/ipoint/bench/build/edn/schema_timing.json --bounds /home/atsushi/evaluation_pWCET_analysis_using_inequalities_and_copulas/ipoint/bench/bounds/edn.bounds.json --keep-main --all --exclude-unit codebook --exclude-unit codebook.L1 --exclude-unit codebook.L1.body --exclude-unit fir.L1.body --exclude-unit fir.L1.body.L1 --exclude-unit fir.L1.body.L1.body --exclude-unit fir_no_red_ld.L1.body --exclude-unit fir_no_red_ld.L1.body.L1 --exclude-unit fir_no_red_ld.L1.body.L1.body --exclude-unit iir1 --exclude-unit iir1.L1 --exclude-unit iir1.L1.body --exclude-unit jpegdct.L1.body --exclude-unit jpegdct.L1.body.L1 --exclude-unit jpegdct.L1.body.L1.body --exclude-unit jpegdct.L1.body.L1.body.L1 --exclude-unit jpegdct.L1.body.L1.body.L1.body --exclude-unit latsynth --exclude-unit latsynth.L1 --exclude-unit latsynth.L1.body --exclude-unit mac.L1 --exclude-unit mac.L1.body --exclude-unit vec_mpy1 --exclude-unit vec_mpy1.L1 --exclude-unit vec_mpy1.L1.body
wrote /home/atsushi/evaluation_pWCET_analysis_using_inequalities_and_copulas/ipoint/bench/build/edn/edn.ipoint.c and /home/atsushi/evaluation_pWCET_analysis_using_inequalities_and_copulas/ipoint/bench/build/edn/schema_timing.json (8 instrumented units, ids 1..66)
+ make -s BENCH=edn MODE=timing SRC=/home/atsushi/evaluation_pWCET_analysis_using_inequalities_and_copulas/ipoint/bench/build/edn/edn.ipoint.c KERNEL_DEFS=
/home/atsushi/evaluation_pWCET_analysis_using_inequalities_and_copulas/ipoint/bench/build/edn/edn.ipoint.c: In function ‘codebook’:
/home/atsushi/evaluation_pWCET_analysis_using_inequalities_and_copulas/ipoint/bench/build/edn/edn.ipoint.c:156:25: warning: variable ‘tmpMask’ set but not used [-Wunused-but-set-variable]
  156 |         long int        tmpMask;
      |                         ^~~~~~~
+ taskset -c 6 /home/atsushi/evaluation_pWCET_analysis_using_inequalities_and_copulas/ipoint/bench/build/edn/timing/bench_edn --out traces/edn/pilot/round3 --runs 1000 --full-trace-runs 1000 --seed0 20260829 --core 6 --warmup 1000 --param 0.0 --entry-id 65 --exit-id 66 --max-id 66 --calib 1
edn [timing]: 1000 runs in 0.0 s; e2e ticks min/mean/max = 12842/13113.3/19436; migrations=0 overflow=0
+ /usr/bin/python3 /home/atsushi/evaluation_pWCET_analysis_using_inequalities_and_copulas/ipoint/tools/ipoint_parse.py --schema /home/atsushi/evaluation_pWCET_analysis_using_inequalities_and_copulas/ipoint/bench/build/edn/schema_timing.json --trace-dir traces/edn/pilot/round3 --out traces/edn/pilot/round3/parsed --min-unit-ns 300.0
parsed 1000 runs, 8 units; implicit closes: 0, unmatched exits: 0, suggested exclusions: []
+ /usr/bin/python3 /home/atsushi/evaluation_pWCET_analysis_using_inequalities_and_copulas/ipoint/tools/ipoint_instrument.py /home/atsushi/evaluation_pWCET_analysis_using_inequalities_and_copulas/benchmarks/malardalen/edn.c --entry main --out /home/atsushi/evaluation_pWCET_analysis_using_inequalities_and_copulas/ipoint/bench/build/edn/edn.ipoint.c --schema /home/atsushi/evaluation_pWCET_analysis_using_inequalities_and_copulas/ipoint/bench/build/edn/schema_timing.json --bounds /home/atsushi/evaluation_pWCET_analysis_using_inequalities_and_copulas/ipoint/bench/bounds/edn.bounds.json --keep-main --all --exclude-unit codebook --exclude-unit codebook.L1 --exclude-unit codebook.L1.body --exclude-unit fir.L1.body --exclude-unit fir.L1.body.L1 --exclude-unit fir.L1.body.L1.body --exclude-unit fir_no_red_ld.L1 --exclude-unit fir_no_red_ld.L1.body --exclude-unit fir_no_red_ld.L1.body.L1 --exclude-unit fir_no_red_ld.L1.body.L1.body --exclude-unit iir1 --exclude-unit iir1.L1 --exclude-unit iir1.L1.body --exclude-unit jpegdct --exclude-unit jpegdct.L1 --exclude-unit jpegdct.L1.body --exclude-unit jpegdct.L1.body.L1 --exclude-unit jpegdct.L1.body.L1.body --exclude-unit jpegdct.L1.body.L1.body.L1 --exclude-unit jpegdct.L1.body.L1.body.L1.body --exclude-unit latsynth --exclude-unit latsynth.L1 --exclude-unit latsynth.L1.body --exclude-unit mac --exclude-unit mac.L1 --exclude-unit mac.L1.body --exclude-unit vec_mpy1 --exclude-unit vec_mpy1.L1 --exclude-unit vec_mpy1.L1.body
wrote /home/atsushi/evaluation_pWCET_analysis_using_inequalities_and_copulas/ipoint/bench/build/edn/edn.ipoint.c and /home/atsushi/evaluation_pWCET_analysis_using_inequalities_and_copulas/ipoint/bench/build/edn/schema_timing.json (4 instrumented units, ids 1..66)
+ make -s BENCH=edn MODE=timing SRC=/home/atsushi/evaluation_pWCET_analysis_using_inequalities_and_copulas/ipoint/bench/build/edn/edn.ipoint.c KERNEL_DEFS=
/home/atsushi/evaluation_pWCET_analysis_using_inequalities_and_copulas/ipoint/bench/build/edn/edn.ipoint.c: In function ‘codebook’:
/home/atsushi/evaluation_pWCET_analysis_using_inequalities_and_copulas/ipoint/bench/build/edn/edn.ipoint.c:156:25: warning: variable ‘tmpMask’ set but not used [-Wunused-but-set-variable]
  156 |         long int        tmpMask;
      |                         ^~~~~~~
+ taskset -c 6 /home/atsushi/evaluation_pWCET_analysis_using_inequalities_and_copulas/ipoint/bench/build/edn/timing/bench_edn --out traces/edn/pilot/round4 --runs 1000 --full-trace-runs 1000 --seed0 20260829 --core 6 --warmup 1000 --param 0.0 --entry-id 65 --exit-id 66 --max-id 66 --calib 1
edn [timing]: 1000 runs in 0.0 s; e2e ticks min/mean/max = 17028/17237.7/22468; migrations=0 overflow=0
+ /usr/bin/python3 /home/atsushi/evaluation_pWCET_analysis_using_inequalities_and_copulas/ipoint/tools/ipoint_parse.py --schema /home/atsushi/evaluation_pWCET_analysis_using_inequalities_and_copulas/ipoint/bench/build/edn/schema_timing.json --trace-dir traces/edn/pilot/round4 --out traces/edn/pilot/round4/parsed --min-unit-ns 300.0
parsed 1000 runs, 4 units; implicit closes: 0, unmatched exits: 0, suggested exclusions: []
+ /usr/bin/python3 /home/atsushi/evaluation_pWCET_analysis_using_inequalities_and_copulas/ipoint/tools/ipoint_instrument.py /home/atsushi/evaluation_pWCET_analysis_using_inequalities_and_copulas/benchmarks/malardalen/edn.c --entry main --out /home/atsushi/evaluation_pWCET_analysis_using_inequalities_and_copulas/ipoint/bench/build/edn/edn.ipoint.c --schema /home/atsushi/evaluation_pWCET_analysis_using_inequalities_and_copulas/ipoint/bench/build/edn/schema_timing.json --bounds /home/atsushi/evaluation_pWCET_analysis_using_inequalities_and_copulas/ipoint/bench/bounds/edn.bounds.json --keep-main --all --exclude-unit codebook --exclude-unit codebook.L1 --exclude-unit codebook.L1.body --exclude-unit fir.L1.body --exclude-unit fir.L1.body.L1 --exclude-unit fir.L1.body.L1.body --exclude-unit fir_no_red_ld.L1 --exclude-unit fir_no_red_ld.L1.body --exclude-unit fir_no_red_ld.L1.body.L1 --exclude-unit fir_no_red_ld.L1.body.L1.body --exclude-unit iir1 --exclude-unit iir1.L1 --exclude-unit iir1.L1.body --exclude-unit jpegdct --exclude-unit jpegdct.L1 --exclude-unit jpegdct.L1.body --exclude-unit jpegdct.L1.body.L1 --exclude-unit jpegdct.L1.body.L1.body --exclude-unit jpegdct.L1.body.L1.body.L1 --exclude-unit jpegdct.L1.body.L1.body.L1.body --exclude-unit latsynth --exclude-unit latsynth.L1 --exclude-unit latsynth.L1.body --exclude-unit mac --exclude-unit mac.L1 --exclude-unit mac.L1.body --exclude-unit vec_mpy1 --exclude-unit vec_mpy1.L1 --exclude-unit vec_mpy1.L1.body
wrote /home/atsushi/evaluation_pWCET_analysis_using_inequalities_and_copulas/ipoint/bench/build/edn/edn.ipoint.c and /home/atsushi/evaluation_pWCET_analysis_using_inequalities_and_copulas/ipoint/bench/build/edn/schema_timing.json (4 instrumented units, ids 1..66)
=== edn: build
+ make -s BENCH=edn MODE=off SRC=/home/atsushi/evaluation_pWCET_analysis_using_inequalities_and_copulas/ipoint/bench/build/edn/edn.ipoint.c KERNEL_DEFS=
/home/atsushi/evaluation_pWCET_analysis_using_inequalities_and_copulas/ipoint/bench/build/edn/edn.ipoint.c: In function ‘codebook’:
/home/atsushi/evaluation_pWCET_analysis_using_inequalities_and_copulas/ipoint/bench/build/edn/edn.ipoint.c:156:25: warning: variable ‘tmpMask’ set but not used [-Wunused-but-set-variable]
  156 |         long int        tmpMask;
      |                         ^~~~~~~
In function ‘mac’,
    inlined from ‘ipoint_orig_main’ at /home/atsushi/evaluation_pWCET_analysis_using_inequalities_and_copulas/ipoint/bench/build/edn/edn.ipoint.c:273:6:
/home/atsushi/evaluation_pWCET_analysis_using_inequalities_and_copulas/ipoint/bench/build/edn/edn.ipoint.c:44:25: warning: ‘output’ is used uninitialized [-Wuninitialized]
   44 |         long int        dotp = *sum;
      |                         ^~~~
/home/atsushi/evaluation_pWCET_analysis_using_inequalities_and_copulas/ipoint/bench/build/edn/edn.ipoint.c: In function ‘ipoint_orig_main’:
/home/atsushi/evaluation_pWCET_analysis_using_inequalities_and_copulas/ipoint/bench/build/edn/edn.ipoint.c:265:25: note: ‘output’ declared here
  265 |         long int        output[200];
      |                         ^~~~~~
+ make -s BENCH=edn MODE=timing SRC=/home/atsushi/evaluation_pWCET_analysis_using_inequalities_and_copulas/ipoint/bench/build/edn/edn.ipoint.c KERNEL_DEFS=
/home/atsushi/evaluation_pWCET_analysis_using_inequalities_and_copulas/ipoint/bench/build/edn/edn.ipoint.c: In function ‘codebook’:
/home/atsushi/evaluation_pWCET_analysis_using_inequalities_and_copulas/ipoint/bench/build/edn/edn.ipoint.c:156:25: warning: variable ‘tmpMask’ set but not used [-Wunused-but-set-variable]
  156 |         long int        tmpMask;
      |                         ^~~~~~~
+ make -s BENCH=edn MODE=coverage SRC=/home/atsushi/evaluation_pWCET_analysis_using_inequalities_and_copulas/ipoint/bench/build/edn/edn.ipoint_full.c KERNEL_DEFS=
/home/atsushi/evaluation_pWCET_analysis_using_inequalities_and_copulas/ipoint/bench/build/edn/edn.ipoint_full.c: In function ‘codebook’:
/home/atsushi/evaluation_pWCET_analysis_using_inequalities_and_copulas/ipoint/bench/build/edn/edn.ipoint_full.c:156:25: warning: variable ‘tmpMask’ set but not used [-Wunused-but-set-variable]
  156 |         long int        tmpMask;
      |                         ^~~~~~~
=== edn: run
+ taskset -c 6 /home/atsushi/evaluation_pWCET_analysis_using_inequalities_and_copulas/ipoint/bench/build/edn/timing/bench_edn --out traces/edn/timing --runs 10000000 --full-trace-runs 100000 --seed0 20260829 --core 6 --warmup 1000 --param 0.0 --entry-id 65 --exit-id 66 --max-id 66 --calib 1
edn: 1000000/10000000 runs, 8.8 s elapsed
edn: 2000000/10000000 runs, 17.6 s elapsed
edn: 3000000/10000000 runs, 26.4 s elapsed
edn: 4000000/10000000 runs, 35.2 s elapsed
edn: 5000000/10000000 runs, 44.0 s elapsed
edn: 6000000/10000000 runs, 52.8 s elapsed
edn: 7000000/10000000 runs, 61.6 s elapsed
edn: 8000000/10000000 runs, 70.4 s elapsed
edn: 9000000/10000000 runs, 79.2 s elapsed
edn: 10000000/10000000 runs, 88.0 s elapsed
edn [timing]: 10000000 runs in 88.0 s; e2e ticks min/mean/max = 16976/17215.0/517280; migrations=0 overflow=0
+ taskset -c 6 /home/atsushi/evaluation_pWCET_analysis_using_inequalities_and_copulas/ipoint/bench/build/edn/off/bench_edn --out traces/edn/off --runs 100000 --full-trace-runs 0 --seed0 20260829 --core 6 --warmup 1000 --param 0.0 --entry-id 65 --exit-id 66 --max-id 66 --calib 1
edn [off]: 100000 runs in 0.6 s; e2e ticks min/mean/max = 11698/11969.5/22460; migrations=0 overflow=0
+ taskset -c 6 /home/atsushi/evaluation_pWCET_analysis_using_inequalities_and_copulas/ipoint/bench/build/edn/coverage/bench_edn --out traces/edn/coverage --runs 10000000 --full-trace-runs 0 --seed0 20260829 --core 6 --warmup 1000 --param 0.0 --entry-id 65 --exit-id 66 --max-id 66 --calib 1
edn: 1000000/10000000 runs, 13.9 s elapsed
edn: 2000000/10000000 runs, 27.8 s elapsed
edn: 3000000/10000000 runs, 41.7 s elapsed
edn: 4000000/10000000 runs, 55.6 s elapsed
edn: 5000000/10000000 runs, 69.5 s elapsed
edn: 6000000/10000000 runs, 83.4 s elapsed
edn: 7000000/10000000 runs, 97.3 s elapsed
edn: 8000000/10000000 runs, 111.2 s elapsed
edn: 9000000/10000000 runs, 125.1 s elapsed
edn: 10000000/10000000 runs, 139.0 s elapsed
edn [coverage]: 10000000 runs in 139.0 s; e2e ticks min/mean/max = 27418/27879.6/547246; migrations=0 overflow=0
=== edn: parse
+ /usr/bin/python3 /home/atsushi/evaluation_pWCET_analysis_using_inequalities_and_copulas/ipoint/tools/ipoint_parse.py --schema /home/atsushi/evaluation_pWCET_analysis_using_inequalities_and_copulas/ipoint/bench/build/edn/schema_timing.json --trace-dir traces/edn/timing --out traces/edn/parsed --min-unit-ns 300.0
parsed 10000/100000 runs
parsed 20000/100000 runs
parsed 30000/100000 runs
parsed 40000/100000 runs
parsed 50000/100000 runs
parsed 60000/100000 runs
parsed 70000/100000 runs
parsed 80000/100000 runs
parsed 90000/100000 runs
parsed 100000/100000 runs
parsed 100000 runs, 4 units; implicit closes: 0, unmatched exits: 0, suggested exclusions: []
+ /usr/bin/python3 /home/atsushi/evaluation_pWCET_analysis_using_inequalities_and_copulas/ipoint/tools/ipoint_check.py --schema /home/atsushi/evaluation_pWCET_analysis_using_inequalities_and_copulas/ipoint/bench/build/edn/schema_timing.json --trace-dir traces/edn/timing --parsed traces/edn/parsed
edn: 0 failures over 100000 runs, 4 units
+ /usr/bin/python3 /home/atsushi/evaluation_pWCET_analysis_using_inequalities_and_copulas/ipoint/tools/ipoint_overhead.py --off traces/edn/off --timing traces/edn/timing --coverage traces/edn/coverage --out traces/edn/overhead.json
+ /usr/bin/python3 /home/atsushi/evaluation_pWCET_analysis_using_inequalities_and_copulas/ipoint/tools/ipoint_coverage.py --schema /home/atsushi/evaluation_pWCET_analysis_using_inequalities_and_copulas/ipoint/bench/build/edn/schema_full.json --dir traces/edn/coverage --train 10000 --out traces/edn/coverage.json
=== ndes: instrument
+ /usr/bin/python3 /home/atsushi/evaluation_pWCET_analysis_using_inequalities_and_copulas/ipoint/tools/ipoint_instrument.py /home/atsushi/evaluation_pWCET_analysis_using_inequalities_and_copulas/benchmarks/malardalen/ndes.c --entry des --out /home/atsushi/evaluation_pWCET_analysis_using_inequalities_and_copulas/ipoint/bench/build/ndes/ndes.ipoint_full.c --schema /home/atsushi/evaluation_pWCET_analysis_using_inequalities_and_copulas/ipoint/bench/build/ndes/schema_full.json --bounds /home/atsushi/evaluation_pWCET_analysis_using_inequalities_and_copulas/ipoint/bench/bounds/ndes.bounds.json --all
clang: /home/atsushi/evaluation_pWCET_analysis_using_inequalities_and_copulas/benchmarks/malardalen/ndes.c:65:29: warning: a function declaration without a prototype is deprecated in all versions of C and is treated as a zero-parameter prototype in C23, conflicting with a previous declaration [-Wdeprecated-non-prototype]
clang: /home/atsushi/evaluation_pWCET_analysis_using_inequalities_and_copulas/benchmarks/malardalen/ndes.c:208:20: warning: multiple unsequenced modifications to 'itmp' [-Wunsequenced]
wrote /home/atsushi/evaluation_pWCET_analysis_using_inequalities_and_copulas/ipoint/bench/build/ndes/ndes.ipoint_full.c and /home/atsushi/evaluation_pWCET_analysis_using_inequalities_and_copulas/ipoint/bench/build/ndes/schema_full.json (36 instrumented units, ids 1..70)
=== ndes: pilot
+ /usr/bin/python3 /home/atsushi/evaluation_pWCET_analysis_using_inequalities_and_copulas/ipoint/tools/ipoint_instrument.py /home/atsushi/evaluation_pWCET_analysis_using_inequalities_and_copulas/benchmarks/malardalen/ndes.c --entry des --out /home/atsushi/evaluation_pWCET_analysis_using_inequalities_and_copulas/ipoint/bench/build/ndes/ndes.ipoint.c --schema /home/atsushi/evaluation_pWCET_analysis_using_inequalities_and_copulas/ipoint/bench/build/ndes/schema_timing.json --bounds /home/atsushi/evaluation_pWCET_analysis_using_inequalities_and_copulas/ipoint/bench/bounds/ndes.bounds.json --all
clang: /home/atsushi/evaluation_pWCET_analysis_using_inequalities_and_copulas/benchmarks/malardalen/ndes.c:65:29: warning: a function declaration without a prototype is deprecated in all versions of C and is treated as a zero-parameter prototype in C23, conflicting with a previous declaration [-Wdeprecated-non-prototype]
clang: /home/atsushi/evaluation_pWCET_analysis_using_inequalities_and_copulas/benchmarks/malardalen/ndes.c:208:20: warning: multiple unsequenced modifications to 'itmp' [-Wunsequenced]
wrote /home/atsushi/evaluation_pWCET_analysis_using_inequalities_and_copulas/ipoint/bench/build/ndes/ndes.ipoint.c and /home/atsushi/evaluation_pWCET_analysis_using_inequalities_and_copulas/ipoint/bench/build/ndes/schema_timing.json (36 instrumented units, ids 1..70)
+ make -s BENCH=ndes MODE=timing SRC=/home/atsushi/evaluation_pWCET_analysis_using_inequalities_and_copulas/ipoint/bench/build/ndes/ndes.ipoint.c KERNEL_DEFS=
/home/atsushi/evaluation_pWCET_analysis_using_inequalities_and_copulas/ipoint/bench/build/ndes/ndes.ipoint.c: In function ‘des’:
/home/atsushi/evaluation_pWCET_analysis_using_inequalities_and_copulas/ipoint/bench/build/ndes/ndes.ipoint.c:79:16: warning: operation on ‘icd.r’ may be undefined [-Wsequence-point]
   79 |          icd.r = (icd.r <<= 1) | getbit(key,ipc1[j],32);
      |          ~~~~~~^~~~~~~~~~~~~~~~~~~~~~~~~~~~~~~~~~~~~~~~
/home/atsushi/evaluation_pWCET_analysis_using_inequalities_and_copulas/ipoint/bench/build/ndes/ndes.ipoint.c:80:16: warning: operation on ‘icd.l’ may be undefined [-Wsequence-point]
   80 |          icd.l = (icd.l <<= 1) | getbit(key,ipc1[k],32);
      |          ~~~~~~^~~~~~~~~~~~~~~~~~~~~~~~~~~~~~~~~~~~~~~~
/home/atsushi/evaluation_pWCET_analysis_using_inequalities_and_copulas/ipoint/bench/build/ndes/ndes.ipoint.c:87:14: warning: operation on ‘itmp.r’ may be undefined [-Wsequence-point]
   87 |       itmp.r = (itmp.r <<= 1) | getbit(inp,ip[j],32);
      |       ~~~~~~~^~~~~~~~~~~~~~~~~~~~~~~~~~~~~~~~~~~~~~~
/home/atsushi/evaluation_pWCET_analysis_using_inequalities_and_copulas/ipoint/bench/build/ndes/ndes.ipoint.c:88:14: warning: operation on ‘itmp.l’ may be undefined [-Wsequence-point]
   88 |       itmp.l = (itmp.l <<= 1) | getbit(inp,ip[k],32);
      |       ~~~~~~~^~~~~~~~~~~~~~~~~~~~~~~~~~~~~~~~~~~~~~~
/home/atsushi/evaluation_pWCET_analysis_using_inequalities_and_copulas/ipoint/bench/build/ndes/ndes.ipoint.c:102:16: warning: operation on ‘out->r’ may be undefined [-Wsequence-point]
  102 |       (*out).r = ((*out).r <<= 1) | getbit(itmp,ipm[j],32);
      |       ~~~~~~~~~^~~~~~~~~~~~~~~~~~~~~~~~~~~~~~~~~~~~~~~~~~~
/home/atsushi/evaluation_pWCET_analysis_using_inequalities_and_copulas/ipoint/bench/build/ndes/ndes.ipoint.c:103:16: warning: operation on ‘out->l’ may be undefined [-Wsequence-point]
  103 |       (*out).l = ((*out).l <<= 1) | getbit(itmp,ipm[k],32);
      |       ~~~~~~~~~^~~~~~~~~~~~~~~~~~~~~~~~~~~~~~~~~~~~~~~~~~~
/home/atsushi/evaluation_pWCET_analysis_using_inequalities_and_copulas/ipoint/bench/build/ndes/ndes.ipoint.c: In function ‘ks’:
/home/atsushi/evaluation_pWCET_analysis_using_inequalities_and_copulas/ipoint/bench/build/ndes/ndes.ipoint.c:127:14: warning: operation on ‘kn->r’ may be undefined [-Wsequence-point]
  127 |       (*kn).r=((*kn).r <<= 1) | (unsigned short)
      |       ~~~~~~~^~~~~~~~~~~~~~~~~~~~~~~~~~~~~~~~~~~
  128 |           getbit(icd,ipc2[j],28);
      |           ~~~~~~~~~~~~~~~~~~~~~~
/home/atsushi/evaluation_pWCET_analysis_using_inequalities_and_copulas/ipoint/bench/build/ndes/ndes.ipoint.c:129:14: warning: operation on ‘kn->c’ may be undefined [-Wsequence-point]
  129 |       (*kn).c=((*kn).c <<= 1) | (unsigned short)
      |       ~~~~~~~^~~~~~~~~~~~~~~~~~~~~~~~~~~~~~~~~~~
  130 |           getbit(icd,ipc2[k],28);
      |           ~~~~~~~~~~~~~~~~~~~~~~
/home/atsushi/evaluation_pWCET_analysis_using_inequalities_and_copulas/ipoint/bench/build/ndes/ndes.ipoint.c:131:14: warning: operation on ‘kn->l’ may be undefined [-Wsequence-point]
  131 |       (*kn).l=((*kn).l <<= 1) | (unsigned short)
      |       ~~~~~~~^~~~~~~~~~~~~~~~~~~~~~~~~~~~~~~~~~~
  132 |           getbit(icd,ipc2[l],28);
      |           ~~~~~~~~~~~~~~~~~~~~~~
/home/atsushi/evaluation_pWCET_analysis_using_inequalities_and_copulas/ipoint/bench/build/ndes/ndes.ipoint.c: In function ‘cyfun’:
/home/atsushi/evaluation_pWCET_analysis_using_inequalities_and_copulas/ipoint/bench/build/ndes/ndes.ipoint.c:187:12: warning: operation on ‘ie.r’ may be undefined [-Wsequence-point]
  187 |       ie.r = (ie.r <<=1) | (p[iet[j]] & ir ? 1 : 0);
      |       ~~~~~^~~~~~~~~~~~~~~~~~~~~~~~~~~~~~~~~~~~~~~~
/home/atsushi/evaluation_pWCET_analysis_using_inequalities_and_copulas/ipoint/bench/build/ndes/ndes.ipoint.c:188:12: warning: operation on ‘ie.c’ may be undefined [-Wsequence-point]
  188 |       ie.c = (ie.c <<=1) | (p[iet[l]] & ir ? 1 : 0);
      |       ~~~~~^~~~~~~~~~~~~~~~~~~~~~~~~~~~~~~~~~~~~~~~
/home/atsushi/evaluation_pWCET_analysis_using_inequalities_and_copulas/ipoint/bench/build/ndes/ndes.ipoint.c:189:12: warning: operation on ‘ie.l’ may be undefined [-Wsequence-point]
  189 |       ie.l = (ie.l <<=1) | (p[iet[m]] & ir ? 1 : 0);
      |       ~~~~~^~~~~~~~~~~~~~~~~~~~~~~~~~~~~~~~~~~~~~~~
/home/atsushi/evaluation_pWCET_analysis_using_inequalities_and_copulas/ipoint/bench/build/ndes/ndes.ipoint.c:209:12: warning: operation on ‘itmp’ may be undefined [-Wsequence-point]
  209 |       itmp = (itmp <<= 4) | ibin[iss];
      |       ~~~~~^~~~~~~~~~~~~~~~~~~~~~~~~~
/home/atsushi/evaluation_pWCET_analysis_using_inequalities_and_copulas/ipoint/bench/build/ndes/ndes.ipoint.c:214:27: warning: operation on ‘*iout’ may be undefined [-Wsequence-point]
  214 |       { IPOINT(69); *iout = (*iout <<= 1) | (p[ipp[j]] & itmp ? 1 : 0); IPOINT(70); } IPOINT(68);
      |                     ~~~~~~^~~~~~~~~~~~~~~~~~~~~~~~~~~~~~~~~~~~~~~~~~~~
+ taskset -c 6 /home/atsushi/evaluation_pWCET_analysis_using_inequalities_and_copulas/ipoint/bench/build/ndes/timing/bench_ndes --out traces/ndes/pilot/round0 --runs 1000 --full-trace-runs 1000 --seed0 20260829 --core 6 --warmup 1000 --param 0.0 --entry-id 1 --exit-id 2 --max-id 70 --calib 1
ndes [timing]: 1000 runs in 0.6 s; e2e ticks min/mean/max = 466026/466502.0/478068; migrations=0 overflow=0
+ /usr/bin/python3 /home/atsushi/evaluation_pWCET_analysis_using_inequalities_and_copulas/ipoint/tools/ipoint_parse.py --schema /home/atsushi/evaluation_pWCET_analysis_using_inequalities_and_copulas/ipoint/bench/build/ndes/schema_timing.json --trace-dir traces/ndes/pilot/round0 --out traces/ndes/pilot/round0/parsed --min-unit-ns 300.0
parsed 1000 runs, 32 units; implicit closes: 0, unmatched exits: 0, suggested exclusions: ['getbit.if1.else', 'getbit', 'getbit.if1.then', 'des.if2.then.L1.body', 'ks.if1.then', 'ks.if1.else.L1.body', 'ks.if1.else.L1', 'ks.if1.else', 'des.L1.body', 'cyfun.L1.body', 'cyfun.L2.body', 'cyfun.L2', 'cyfun.L3.body', 'cyfun.L4.body', 'des.L3.body']
+ /usr/bin/python3 /home/atsushi/evaluation_pWCET_analysis_using_inequalities_and_copulas/ipoint/tools/ipoint_instrument.py /home/atsushi/evaluation_pWCET_analysis_using_inequalities_and_copulas/benchmarks/malardalen/ndes.c --entry des --out /home/atsushi/evaluation_pWCET_analysis_using_inequalities_and_copulas/ipoint/bench/build/ndes/ndes.ipoint.c --schema /home/atsushi/evaluation_pWCET_analysis_using_inequalities_and_copulas/ipoint/bench/build/ndes/schema_timing.json --bounds /home/atsushi/evaluation_pWCET_analysis_using_inequalities_and_copulas/ipoint/bench/bounds/ndes.bounds.json --all --exclude-unit cyfun.L1.body --exclude-unit cyfun.L2 --exclude-unit cyfun.L2.body --exclude-unit cyfun.L3.body --exclude-unit cyfun.L4.body --exclude-unit des.L1.body --exclude-unit des.L3.body --exclude-unit des.if2.then.L1.body --exclude-unit getbit --exclude-unit getbit.if1.else --exclude-unit getbit.if1.then --exclude-unit ks.if1.else --exclude-unit ks.if1.else.L1 --exclude-unit ks.if1.else.L1.body --exclude-unit ks.if1.then
clang: /home/atsushi/evaluation_pWCET_analysis_using_inequalities_and_copulas/benchmarks/malardalen/ndes.c:65:29: warning: a function declaration without a prototype is deprecated in all versions of C and is treated as a zero-parameter prototype in C23, conflicting with a previous declaration [-Wdeprecated-non-prototype]
clang: /home/atsushi/evaluation_pWCET_analysis_using_inequalities_and_copulas/benchmarks/malardalen/ndes.c:208:20: warning: multiple unsequenced modifications to 'itmp' [-Wunsequenced]
wrote /home/atsushi/evaluation_pWCET_analysis_using_inequalities_and_copulas/ipoint/bench/build/ndes/ndes.ipoint.c and /home/atsushi/evaluation_pWCET_analysis_using_inequalities_and_copulas/ipoint/bench/build/ndes/schema_timing.json (21 instrumented units, ids 1..70)
+ make -s BENCH=ndes MODE=timing SRC=/home/atsushi/evaluation_pWCET_analysis_using_inequalities_and_copulas/ipoint/bench/build/ndes/ndes.ipoint.c KERNEL_DEFS=
/home/atsushi/evaluation_pWCET_analysis_using_inequalities_and_copulas/ipoint/bench/build/ndes/ndes.ipoint.c: In function ‘des’:
/home/atsushi/evaluation_pWCET_analysis_using_inequalities_and_copulas/ipoint/bench/build/ndes/ndes.ipoint.c:79:16: warning: operation on ‘icd.r’ may be undefined [-Wsequence-point]
   79 |          icd.r = (icd.r <<= 1) | getbit(key,ipc1[j],32);
      |          ~~~~~~^~~~~~~~~~~~~~~~~~~~~~~~~~~~~~~~~~~~~~~~
/home/atsushi/evaluation_pWCET_analysis_using_inequalities_and_copulas/ipoint/bench/build/ndes/ndes.ipoint.c:80:16: warning: operation on ‘icd.l’ may be undefined [-Wsequence-point]
   80 |          icd.l = (icd.l <<= 1) | getbit(key,ipc1[k],32);
      |          ~~~~~~^~~~~~~~~~~~~~~~~~~~~~~~~~~~~~~~~~~~~~~~
/home/atsushi/evaluation_pWCET_analysis_using_inequalities_and_copulas/ipoint/bench/build/ndes/ndes.ipoint.c:87:14: warning: operation on ‘itmp.r’ may be undefined [-Wsequence-point]
   87 |       itmp.r = (itmp.r <<= 1) | getbit(inp,ip[j],32);
      |       ~~~~~~~^~~~~~~~~~~~~~~~~~~~~~~~~~~~~~~~~~~~~~~
/home/atsushi/evaluation_pWCET_analysis_using_inequalities_and_copulas/ipoint/bench/build/ndes/ndes.ipoint.c:88:14: warning: operation on ‘itmp.l’ may be undefined [-Wsequence-point]
   88 |       itmp.l = (itmp.l <<= 1) | getbit(inp,ip[k],32);
      |       ~~~~~~~^~~~~~~~~~~~~~~~~~~~~~~~~~~~~~~~~~~~~~~
/home/atsushi/evaluation_pWCET_analysis_using_inequalities_and_copulas/ipoint/bench/build/ndes/ndes.ipoint.c:102:16: warning: operation on ‘out->r’ may be undefined [-Wsequence-point]
  102 |       (*out).r = ((*out).r <<= 1) | getbit(itmp,ipm[j],32);
      |       ~~~~~~~~~^~~~~~~~~~~~~~~~~~~~~~~~~~~~~~~~~~~~~~~~~~~
/home/atsushi/evaluation_pWCET_analysis_using_inequalities_and_copulas/ipoint/bench/build/ndes/ndes.ipoint.c:103:16: warning: operation on ‘out->l’ may be undefined [-Wsequence-point]
  103 |       (*out).l = ((*out).l <<= 1) | getbit(itmp,ipm[k],32);
      |       ~~~~~~~~~^~~~~~~~~~~~~~~~~~~~~~~~~~~~~~~~~~~~~~~~~~~
/home/atsushi/evaluation_pWCET_analysis_using_inequalities_and_copulas/ipoint/bench/build/ndes/ndes.ipoint.c: In function ‘ks’:
/home/atsushi/evaluation_pWCET_analysis_using_inequalities_and_copulas/ipoint/bench/build/ndes/ndes.ipoint.c:127:14: warning: operation on ‘kn->r’ may be undefined [-Wsequence-point]
  127 |       (*kn).r=((*kn).r <<= 1) | (unsigned short)
      |       ~~~~~~~^~~~~~~~~~~~~~~~~~~~~~~~~~~~~~~~~~~
  128 |           getbit(icd,ipc2[j],28);
      |           ~~~~~~~~~~~~~~~~~~~~~~
/home/atsushi/evaluation_pWCET_analysis_using_inequalities_and_copulas/ipoint/bench/build/ndes/ndes.ipoint.c:129:14: warning: operation on ‘kn->c’ may be undefined [-Wsequence-point]
  129 |       (*kn).c=((*kn).c <<= 1) | (unsigned short)
      |       ~~~~~~~^~~~~~~~~~~~~~~~~~~~~~~~~~~~~~~~~~~
  130 |           getbit(icd,ipc2[k],28);
      |           ~~~~~~~~~~~~~~~~~~~~~~
/home/atsushi/evaluation_pWCET_analysis_using_inequalities_and_copulas/ipoint/bench/build/ndes/ndes.ipoint.c:131:14: warning: operation on ‘kn->l’ may be undefined [-Wsequence-point]
  131 |       (*kn).l=((*kn).l <<= 1) | (unsigned short)
      |       ~~~~~~~^~~~~~~~~~~~~~~~~~~~~~~~~~~~~~~~~~~
  132 |           getbit(icd,ipc2[l],28);
      |           ~~~~~~~~~~~~~~~~~~~~~~
/home/atsushi/evaluation_pWCET_analysis_using_inequalities_and_copulas/ipoint/bench/build/ndes/ndes.ipoint.c: In function ‘cyfun’:
/home/atsushi/evaluation_pWCET_analysis_using_inequalities_and_copulas/ipoint/bench/build/ndes/ndes.ipoint.c:187:12: warning: operation on ‘ie.r’ may be undefined [-Wsequence-point]
  187 |       ie.r = (ie.r <<=1) | (p[iet[j]] & ir ? 1 : 0);
      |       ~~~~~^~~~~~~~~~~~~~~~~~~~~~~~~~~~~~~~~~~~~~~~
/home/atsushi/evaluation_pWCET_analysis_using_inequalities_and_copulas/ipoint/bench/build/ndes/ndes.ipoint.c:188:12: warning: operation on ‘ie.c’ may be undefined [-Wsequence-point]
  188 |       ie.c = (ie.c <<=1) | (p[iet[l]] & ir ? 1 : 0);
      |       ~~~~~^~~~~~~~~~~~~~~~~~~~~~~~~~~~~~~~~~~~~~~~
/home/atsushi/evaluation_pWCET_analysis_using_inequalities_and_copulas/ipoint/bench/build/ndes/ndes.ipoint.c:189:12: warning: operation on ‘ie.l’ may be undefined [-Wsequence-point]
  189 |       ie.l = (ie.l <<=1) | (p[iet[m]] & ir ? 1 : 0);
      |       ~~~~~^~~~~~~~~~~~~~~~~~~~~~~~~~~~~~~~~~~~~~~~
/home/atsushi/evaluation_pWCET_analysis_using_inequalities_and_copulas/ipoint/bench/build/ndes/ndes.ipoint.c:209:12: warning: operation on ‘itmp’ may be undefined [-Wsequence-point]
  209 |       itmp = (itmp <<= 4) | ibin[iss];
      |       ~~~~~^~~~~~~~~~~~~~~~~~~~~~~~~~
/home/atsushi/evaluation_pWCET_analysis_using_inequalities_and_copulas/ipoint/bench/build/ndes/ndes.ipoint.c:214:15: warning: operation on ‘*iout’ may be undefined [-Wsequence-point]
  214 |       { *iout = (*iout <<= 1) | (p[ipp[j]] & itmp ? 1 : 0); } IPOINT(68);
      |         ~~~~~~^~~~~~~~~~~~~~~~~~~~~~~~~~~~~~~~~~~~~~~~~~~~
+ taskset -c 6 /home/atsushi/evaluation_pWCET_analysis_using_inequalities_and_copulas/ipoint/bench/build/ndes/timing/bench_ndes --out traces/ndes/pilot/round1 --runs 1000 --full-trace-runs 1000 --seed0 20260829 --core 6 --warmup 1000 --param 0.0 --entry-id 1 --exit-id 2 --max-id 70 --calib 1
ndes [timing]: 1000 runs in 0.1 s; e2e ticks min/mean/max = 59776/59953.8/68244; migrations=0 overflow=0
+ /usr/bin/python3 /home/atsushi/evaluation_pWCET_analysis_using_inequalities_and_copulas/ipoint/tools/ipoint_parse.py --schema /home/atsushi/evaluation_pWCET_analysis_using_inequalities_and_copulas/ipoint/bench/build/ndes/schema_timing.json --trace-dir traces/ndes/pilot/round1 --out traces/ndes/pilot/round1/parsed --min-unit-ns 300.0
parsed 1000 runs, 17 units; implicit closes: 0, unmatched exits: 0, suggested exclusions: ['des.if2.then.L1', 'ks.L1.body', 'des.L1', 'cyfun.L1', 'cyfun.L3', 'cyfun.L4', 'des.L3']
+ /usr/bin/python3 /home/atsushi/evaluation_pWCET_analysis_using_inequalities_and_copulas/ipoint/tools/ipoint_instrument.py /home/atsushi/evaluation_pWCET_analysis_using_inequalities_and_copulas/benchmarks/malardalen/ndes.c --entry des --out /home/atsushi/evaluation_pWCET_analysis_using_inequalities_and_copulas/ipoint/bench/build/ndes/ndes.ipoint.c --schema /home/atsushi/evaluation_pWCET_analysis_using_inequalities_and_copulas/ipoint/bench/build/ndes/schema_timing.json --bounds /home/atsushi/evaluation_pWCET_analysis_using_inequalities_and_copulas/ipoint/bench/bounds/ndes.bounds.json --all --exclude-unit cyfun.L1 --exclude-unit cyfun.L1.body --exclude-unit cyfun.L2 --exclude-unit cyfun.L2.body --exclude-unit cyfun.L3 --exclude-unit cyfun.L3.body --exclude-unit cyfun.L4 --exclude-unit cyfun.L4.body --exclude-unit des.L1 --exclude-unit des.L1.body --exclude-unit des.L3 --exclude-unit des.L3.body --exclude-unit des.if2.then.L1 --exclude-unit des.if2.then.L1.body --exclude-unit getbit --exclude-unit getbit.if1.else --exclude-unit getbit.if1.then --exclude-unit ks.L1.body --exclude-unit ks.if1.else --exclude-unit ks.if1.else.L1 --exclude-unit ks.if1.else.L1.body --exclude-unit ks.if1.then
clang: /home/atsushi/evaluation_pWCET_analysis_using_inequalities_and_copulas/benchmarks/malardalen/ndes.c:65:29: warning: a function declaration without a prototype is deprecated in all versions of C and is treated as a zero-parameter prototype in C23, conflicting with a previous declaration [-Wdeprecated-non-prototype]
clang: /home/atsushi/evaluation_pWCET_analysis_using_inequalities_and_copulas/benchmarks/malardalen/ndes.c:208:20: warning: multiple unsequenced modifications to 'itmp' [-Wunsequenced]
wrote /home/atsushi/evaluation_pWCET_analysis_using_inequalities_and_copulas/ipoint/bench/build/ndes/ndes.ipoint.c and /home/atsushi/evaluation_pWCET_analysis_using_inequalities_and_copulas/ipoint/bench/build/ndes/schema_timing.json (14 instrumented units, ids 1..70)
+ make -s BENCH=ndes MODE=timing SRC=/home/atsushi/evaluation_pWCET_analysis_using_inequalities_and_copulas/ipoint/bench/build/ndes/ndes.ipoint.c KERNEL_DEFS=
/home/atsushi/evaluation_pWCET_analysis_using_inequalities_and_copulas/ipoint/bench/build/ndes/ndes.ipoint.c: In function ‘des’:
/home/atsushi/evaluation_pWCET_analysis_using_inequalities_and_copulas/ipoint/bench/build/ndes/ndes.ipoint.c:79:16: warning: operation on ‘icd.r’ may be undefined [-Wsequence-point]
   79 |          icd.r = (icd.r <<= 1) | getbit(key,ipc1[j],32);
      |          ~~~~~~^~~~~~~~~~~~~~~~~~~~~~~~~~~~~~~~~~~~~~~~
/home/atsushi/evaluation_pWCET_analysis_using_inequalities_and_copulas/ipoint/bench/build/ndes/ndes.ipoint.c:80:16: warning: operation on ‘icd.l’ may be undefined [-Wsequence-point]
   80 |          icd.l = (icd.l <<= 1) | getbit(key,ipc1[k],32);
      |          ~~~~~~^~~~~~~~~~~~~~~~~~~~~~~~~~~~~~~~~~~~~~~~
/home/atsushi/evaluation_pWCET_analysis_using_inequalities_and_copulas/ipoint/bench/build/ndes/ndes.ipoint.c:87:14: warning: operation on ‘itmp.r’ may be undefined [-Wsequence-point]
   87 |       itmp.r = (itmp.r <<= 1) | getbit(inp,ip[j],32);
      |       ~~~~~~~^~~~~~~~~~~~~~~~~~~~~~~~~~~~~~~~~~~~~~~
/home/atsushi/evaluation_pWCET_analysis_using_inequalities_and_copulas/ipoint/bench/build/ndes/ndes.ipoint.c:88:14: warning: operation on ‘itmp.l’ may be undefined [-Wsequence-point]
   88 |       itmp.l = (itmp.l <<= 1) | getbit(inp,ip[k],32);
      |       ~~~~~~~^~~~~~~~~~~~~~~~~~~~~~~~~~~~~~~~~~~~~~~
/home/atsushi/evaluation_pWCET_analysis_using_inequalities_and_copulas/ipoint/bench/build/ndes/ndes.ipoint.c:102:16: warning: operation on ‘out->r’ may be undefined [-Wsequence-point]
  102 |       (*out).r = ((*out).r <<= 1) | getbit(itmp,ipm[j],32);
      |       ~~~~~~~~~^~~~~~~~~~~~~~~~~~~~~~~~~~~~~~~~~~~~~~~~~~~
/home/atsushi/evaluation_pWCET_analysis_using_inequalities_and_copulas/ipoint/bench/build/ndes/ndes.ipoint.c:103:16: warning: operation on ‘out->l’ may be undefined [-Wsequence-point]
  103 |       (*out).l = ((*out).l <<= 1) | getbit(itmp,ipm[k],32);
      |       ~~~~~~~~~^~~~~~~~~~~~~~~~~~~~~~~~~~~~~~~~~~~~~~~~~~~
/home/atsushi/evaluation_pWCET_analysis_using_inequalities_and_copulas/ipoint/bench/build/ndes/ndes.ipoint.c: In function ‘ks’:
/home/atsushi/evaluation_pWCET_analysis_using_inequalities_and_copulas/ipoint/bench/build/ndes/ndes.ipoint.c:127:14: warning: operation on ‘kn->r’ may be undefined [-Wsequence-point]
  127 |       (*kn).r=((*kn).r <<= 1) | (unsigned short)
      |       ~~~~~~~^~~~~~~~~~~~~~~~~~~~~~~~~~~~~~~~~~~
  128 |           getbit(icd,ipc2[j],28);
      |           ~~~~~~~~~~~~~~~~~~~~~~
/home/atsushi/evaluation_pWCET_analysis_using_inequalities_and_copulas/ipoint/bench/build/ndes/ndes.ipoint.c:129:14: warning: operation on ‘kn->c’ may be undefined [-Wsequence-point]
  129 |       (*kn).c=((*kn).c <<= 1) | (unsigned short)
      |       ~~~~~~~^~~~~~~~~~~~~~~~~~~~~~~~~~~~~~~~~~~
  130 |           getbit(icd,ipc2[k],28);
      |           ~~~~~~~~~~~~~~~~~~~~~~
/home/atsushi/evaluation_pWCET_analysis_using_inequalities_and_copulas/ipoint/bench/build/ndes/ndes.ipoint.c:131:14: warning: operation on ‘kn->l’ may be undefined [-Wsequence-point]
  131 |       (*kn).l=((*kn).l <<= 1) | (unsigned short)
      |       ~~~~~~~^~~~~~~~~~~~~~~~~~~~~~~~~~~~~~~~~~~
  132 |           getbit(icd,ipc2[l],28);
      |           ~~~~~~~~~~~~~~~~~~~~~~
/home/atsushi/evaluation_pWCET_analysis_using_inequalities_and_copulas/ipoint/bench/build/ndes/ndes.ipoint.c: In function ‘cyfun’:
/home/atsushi/evaluation_pWCET_analysis_using_inequalities_and_copulas/ipoint/bench/build/ndes/ndes.ipoint.c:187:12: warning: operation on ‘ie.r’ may be undefined [-Wsequence-point]
  187 |       ie.r = (ie.r <<=1) | (p[iet[j]] & ir ? 1 : 0);
      |       ~~~~~^~~~~~~~~~~~~~~~~~~~~~~~~~~~~~~~~~~~~~~~
/home/atsushi/evaluation_pWCET_analysis_using_inequalities_and_copulas/ipoint/bench/build/ndes/ndes.ipoint.c:188:12: warning: operation on ‘ie.c’ may be undefined [-Wsequence-point]
  188 |       ie.c = (ie.c <<=1) | (p[iet[l]] & ir ? 1 : 0);
      |       ~~~~~^~~~~~~~~~~~~~~~~~~~~~~~~~~~~~~~~~~~~~~~
/home/atsushi/evaluation_pWCET_analysis_using_inequalities_and_copulas/ipoint/bench/build/ndes/ndes.ipoint.c:189:12: warning: operation on ‘ie.l’ may be undefined [-Wsequence-point]
  189 |       ie.l = (ie.l <<=1) | (p[iet[m]] & ir ? 1 : 0);
      |       ~~~~~^~~~~~~~~~~~~~~~~~~~~~~~~~~~~~~~~~~~~~~~
/home/atsushi/evaluation_pWCET_analysis_using_inequalities_and_copulas/ipoint/bench/build/ndes/ndes.ipoint.c:209:12: warning: operation on ‘itmp’ may be undefined [-Wsequence-point]
  209 |       itmp = (itmp <<= 4) | ibin[iss];
      |       ~~~~~^~~~~~~~~~~~~~~~~~~~~~~~~~
/home/atsushi/evaluation_pWCET_analysis_using_inequalities_and_copulas/ipoint/bench/build/ndes/ndes.ipoint.c:214:13: warning: operation on ‘*iout’ may be undefined [-Wsequence-point]
  214 |       *iout = (*iout <<= 1) | (p[ipp[j]] & itmp ? 1 : 0);
      |       ~~~~~~^~~~~~~~~~~~~~~~~~~~~~~~~~~~~~~~~~~~~~~~~~~~
+ taskset -c 6 /home/atsushi/evaluation_pWCET_analysis_using_inequalities_and_copulas/ipoint/bench/build/ndes/timing/bench_ndes --out traces/ndes/pilot/round2 --runs 1000 --full-trace-runs 1000 --seed0 20260829 --core 6 --warmup 1000 --param 0.0 --entry-id 1 --exit-id 2 --max-id 70 --calib 1
ndes [timing]: 1000 runs in 0.0 s; e2e ticks min/mean/max = 19206/19366.4/25736; migrations=0 overflow=0
+ /usr/bin/python3 /home/atsushi/evaluation_pWCET_analysis_using_inequalities_and_copulas/ipoint/tools/ipoint_parse.py --schema /home/atsushi/evaluation_pWCET_analysis_using_inequalities_and_copulas/ipoint/bench/build/ndes/schema_timing.json --trace-dir traces/ndes/pilot/round2 --out traces/ndes/pilot/round2/parsed --min-unit-ns 300.0
parsed 1000 runs, 10 units; implicit closes: 0, unmatched exits: 0, suggested exclusions: ['ks.L1', 'ks', 'des.if2.then.L2.body', 'cyfun', 'des.L2.body']
+ /usr/bin/python3 /home/atsushi/evaluation_pWCET_analysis_using_inequalities_and_copulas/ipoint/tools/ipoint_instrument.py /home/atsushi/evaluation_pWCET_analysis_using_inequalities_and_copulas/benchmarks/malardalen/ndes.c --entry des --out /home/atsushi/evaluation_pWCET_analysis_using_inequalities_and_copulas/ipoint/bench/build/ndes/ndes.ipoint.c --schema /home/atsushi/evaluation_pWCET_analysis_using_inequalities_and_copulas/ipoint/bench/build/ndes/schema_timing.json --bounds /home/atsushi/evaluation_pWCET_analysis_using_inequalities_and_copulas/ipoint/bench/bounds/ndes.bounds.json --all --exclude-unit cyfun --exclude-unit cyfun.L1 --exclude-unit cyfun.L1.body --exclude-unit cyfun.L2 --exclude-unit cyfun.L2.body --exclude-unit cyfun.L3 --exclude-unit cyfun.L3.body --exclude-unit cyfun.L4 --exclude-unit cyfun.L4.body --exclude-unit des.L1 --exclude-unit des.L1.body --exclude-unit des.L2.body --exclude-unit des.L3 --exclude-unit des.L3.body --exclude-unit des.if2.then.L1 --exclude-unit des.if2.then.L1.body --exclude-unit des.if2.then.L2.body --exclude-unit getbit --exclude-unit getbit.if1.else --exclude-unit getbit.if1.then --exclude-unit ks --exclude-unit ks.L1 --exclude-unit ks.L1.body --exclude-unit ks.if1.else --exclude-unit ks.if1.else.L1 --exclude-unit ks.if1.else.L1.body --exclude-unit ks.if1.then
clang: /home/atsushi/evaluation_pWCET_analysis_using_inequalities_and_copulas/benchmarks/malardalen/ndes.c:65:29: warning: a function declaration without a prototype is deprecated in all versions of C and is treated as a zero-parameter prototype in C23, conflicting with a previous declaration [-Wdeprecated-non-prototype]
clang: /home/atsushi/evaluation_pWCET_analysis_using_inequalities_and_copulas/benchmarks/malardalen/ndes.c:208:20: warning: multiple unsequenced modifications to 'itmp' [-Wunsequenced]
wrote /home/atsushi/evaluation_pWCET_analysis_using_inequalities_and_copulas/ipoint/bench/build/ndes/ndes.ipoint.c and /home/atsushi/evaluation_pWCET_analysis_using_inequalities_and_copulas/ipoint/bench/build/ndes/schema_timing.json (9 instrumented units, ids 1..70)
+ make -s BENCH=ndes MODE=timing SRC=/home/atsushi/evaluation_pWCET_analysis_using_inequalities_and_copulas/ipoint/bench/build/ndes/ndes.ipoint.c KERNEL_DEFS=
/home/atsushi/evaluation_pWCET_analysis_using_inequalities_and_copulas/ipoint/bench/build/ndes/ndes.ipoint.c: In function ‘des’:
/home/atsushi/evaluation_pWCET_analysis_using_inequalities_and_copulas/ipoint/bench/build/ndes/ndes.ipoint.c:79:16: warning: operation on ‘icd.r’ may be undefined [-Wsequence-point]
   79 |          icd.r = (icd.r <<= 1) | getbit(key,ipc1[j],32);
      |          ~~~~~~^~~~~~~~~~~~~~~~~~~~~~~~~~~~~~~~~~~~~~~~
/home/atsushi/evaluation_pWCET_analysis_using_inequalities_and_copulas/ipoint/bench/build/ndes/ndes.ipoint.c:80:16: warning: operation on ‘icd.l’ may be undefined [-Wsequence-point]
   80 |          icd.l = (icd.l <<= 1) | getbit(key,ipc1[k],32);
      |          ~~~~~~^~~~~~~~~~~~~~~~~~~~~~~~~~~~~~~~~~~~~~~~
/home/atsushi/evaluation_pWCET_analysis_using_inequalities_and_copulas/ipoint/bench/build/ndes/ndes.ipoint.c:87:14: warning: operation on ‘itmp.r’ may be undefined [-Wsequence-point]
   87 |       itmp.r = (itmp.r <<= 1) | getbit(inp,ip[j],32);
      |       ~~~~~~~^~~~~~~~~~~~~~~~~~~~~~~~~~~~~~~~~~~~~~~
/home/atsushi/evaluation_pWCET_analysis_using_inequalities_and_copulas/ipoint/bench/build/ndes/ndes.ipoint.c:88:14: warning: operation on ‘itmp.l’ may be undefined [-Wsequence-point]
   88 |       itmp.l = (itmp.l <<= 1) | getbit(inp,ip[k],32);
      |       ~~~~~~~^~~~~~~~~~~~~~~~~~~~~~~~~~~~~~~~~~~~~~~
/home/atsushi/evaluation_pWCET_analysis_using_inequalities_and_copulas/ipoint/bench/build/ndes/ndes.ipoint.c:102:16: warning: operation on ‘out->r’ may be undefined [-Wsequence-point]
  102 |       (*out).r = ((*out).r <<= 1) | getbit(itmp,ipm[j],32);
      |       ~~~~~~~~~^~~~~~~~~~~~~~~~~~~~~~~~~~~~~~~~~~~~~~~~~~~
/home/atsushi/evaluation_pWCET_analysis_using_inequalities_and_copulas/ipoint/bench/build/ndes/ndes.ipoint.c:103:16: warning: operation on ‘out->l’ may be undefined [-Wsequence-point]
  103 |       (*out).l = ((*out).l <<= 1) | getbit(itmp,ipm[k],32);
      |       ~~~~~~~~~^~~~~~~~~~~~~~~~~~~~~~~~~~~~~~~~~~~~~~~~~~~
/home/atsushi/evaluation_pWCET_analysis_using_inequalities_and_copulas/ipoint/bench/build/ndes/ndes.ipoint.c: In function ‘ks’:
/home/atsushi/evaluation_pWCET_analysis_using_inequalities_and_copulas/ipoint/bench/build/ndes/ndes.ipoint.c:127:14: warning: operation on ‘kn->r’ may be undefined [-Wsequence-point]
  127 |       (*kn).r=((*kn).r <<= 1) | (unsigned short)
      |       ~~~~~~~^~~~~~~~~~~~~~~~~~~~~~~~~~~~~~~~~~~
  128 |           getbit(icd,ipc2[j],28);
      |           ~~~~~~~~~~~~~~~~~~~~~~
/home/atsushi/evaluation_pWCET_analysis_using_inequalities_and_copulas/ipoint/bench/build/ndes/ndes.ipoint.c:129:14: warning: operation on ‘kn->c’ may be undefined [-Wsequence-point]
  129 |       (*kn).c=((*kn).c <<= 1) | (unsigned short)
      |       ~~~~~~~^~~~~~~~~~~~~~~~~~~~~~~~~~~~~~~~~~~
  130 |           getbit(icd,ipc2[k],28);
      |           ~~~~~~~~~~~~~~~~~~~~~~
/home/atsushi/evaluation_pWCET_analysis_using_inequalities_and_copulas/ipoint/bench/build/ndes/ndes.ipoint.c:131:14: warning: operation on ‘kn->l’ may be undefined [-Wsequence-point]
  131 |       (*kn).l=((*kn).l <<= 1) | (unsigned short)
      |       ~~~~~~~^~~~~~~~~~~~~~~~~~~~~~~~~~~~~~~~~~~
  132 |           getbit(icd,ipc2[l],28);
      |           ~~~~~~~~~~~~~~~~~~~~~~
/home/atsushi/evaluation_pWCET_analysis_using_inequalities_and_copulas/ipoint/bench/build/ndes/ndes.ipoint.c: In function ‘cyfun’:
/home/atsushi/evaluation_pWCET_analysis_using_inequalities_and_copulas/ipoint/bench/build/ndes/ndes.ipoint.c:187:12: warning: operation on ‘ie.r’ may be undefined [-Wsequence-point]
  187 |       ie.r = (ie.r <<=1) | (p[iet[j]] & ir ? 1 : 0);
      |       ~~~~~^~~~~~~~~~~~~~~~~~~~~~~~~~~~~~~~~~~~~~~~
/home/atsushi/evaluation_pWCET_analysis_using_inequalities_and_copulas/ipoint/bench/build/ndes/ndes.ipoint.c:188:12: warning: operation on ‘ie.c’ may be undefined [-Wsequence-point]
  188 |       ie.c = (ie.c <<=1) | (p[iet[l]] & ir ? 1 : 0);
      |       ~~~~~^~~~~~~~~~~~~~~~~~~~~~~~~~~~~~~~~~~~~~~~
/home/atsushi/evaluation_pWCET_analysis_using_inequalities_and_copulas/ipoint/bench/build/ndes/ndes.ipoint.c:189:12: warning: operation on ‘ie.l’ may be undefined [-Wsequence-point]
  189 |       ie.l = (ie.l <<=1) | (p[iet[m]] & ir ? 1 : 0);
      |       ~~~~~^~~~~~~~~~~~~~~~~~~~~~~~~~~~~~~~~~~~~~~~
/home/atsushi/evaluation_pWCET_analysis_using_inequalities_and_copulas/ipoint/bench/build/ndes/ndes.ipoint.c:209:12: warning: operation on ‘itmp’ may be undefined [-Wsequence-point]
  209 |       itmp = (itmp <<= 4) | ibin[iss];
      |       ~~~~~^~~~~~~~~~~~~~~~~~~~~~~~~~
/home/atsushi/evaluation_pWCET_analysis_using_inequalities_and_copulas/ipoint/bench/build/ndes/ndes.ipoint.c:214:13: warning: operation on ‘*iout’ may be undefined [-Wsequence-point]
  214 |       *iout = (*iout <<= 1) | (p[ipp[j]] & itmp ? 1 : 0);
      |       ~~~~~~^~~~~~~~~~~~~~~~~~~~~~~~~~~~~~~~~~~~~~~~~~~~
+ taskset -c 6 /home/atsushi/evaluation_pWCET_analysis_using_inequalities_and_copulas/ipoint/bench/build/ndes/timing/bench_ndes --out traces/ndes/pilot/round3 --runs 1000 --full-trace-runs 1000 --seed0 20260829 --core 6 --warmup 1000 --param 0.0 --entry-id 1 --exit-id 2 --max-id 70 --calib 1
ndes [timing]: 1000 runs in 0.0 s; e2e ticks min/mean/max = 9512/9652.0/13850; migrations=0 overflow=0
+ /usr/bin/python3 /home/atsushi/evaluation_pWCET_analysis_using_inequalities_and_copulas/ipoint/tools/ipoint_parse.py --schema /home/atsushi/evaluation_pWCET_analysis_using_inequalities_and_copulas/ipoint/bench/build/ndes/schema_timing.json --trace-dir traces/ndes/pilot/round3 --out traces/ndes/pilot/round3/parsed --min-unit-ns 300.0
parsed 1000 runs, 5 units; implicit closes: 0, unmatched exits: 0, suggested exclusions: []
+ /usr/bin/python3 /home/atsushi/evaluation_pWCET_analysis_using_inequalities_and_copulas/ipoint/tools/ipoint_instrument.py /home/atsushi/evaluation_pWCET_analysis_using_inequalities_and_copulas/benchmarks/malardalen/ndes.c --entry des --out /home/atsushi/evaluation_pWCET_analysis_using_inequalities_and_copulas/ipoint/bench/build/ndes/ndes.ipoint.c --schema /home/atsushi/evaluation_pWCET_analysis_using_inequalities_and_copulas/ipoint/bench/build/ndes/schema_timing.json --bounds /home/atsushi/evaluation_pWCET_analysis_using_inequalities_and_copulas/ipoint/bench/bounds/ndes.bounds.json --all --exclude-unit cyfun --exclude-unit cyfun.L1 --exclude-unit cyfun.L1.body --exclude-unit cyfun.L2 --exclude-unit cyfun.L2.body --exclude-unit cyfun.L3 --exclude-unit cyfun.L3.body --exclude-unit cyfun.L4 --exclude-unit cyfun.L4.body --exclude-unit des.L1 --exclude-unit des.L1.body --exclude-unit des.L2.body --exclude-unit des.L3 --exclude-unit des.L3.body --exclude-unit des.if2.then.L1 --exclude-unit des.if2.then.L1.body --exclude-unit des.if2.then.L2 --exclude-unit des.if2.then.L2.body --exclude-unit getbit --exclude-unit getbit.if1.else --exclude-unit getbit.if1.then --exclude-unit ks --exclude-unit ks.L1 --exclude-unit ks.L1.body --exclude-unit ks.if1.else --exclude-unit ks.if1.else.L1 --exclude-unit ks.if1.else.L1.body --exclude-unit ks.if1.then
clang: /home/atsushi/evaluation_pWCET_analysis_using_inequalities_and_copulas/benchmarks/malardalen/ndes.c:65:29: warning: a function declaration without a prototype is deprecated in all versions of C and is treated as a zero-parameter prototype in C23, conflicting with a previous declaration [-Wdeprecated-non-prototype]
clang: /home/atsushi/evaluation_pWCET_analysis_using_inequalities_and_copulas/benchmarks/malardalen/ndes.c:208:20: warning: multiple unsequenced modifications to 'itmp' [-Wunsequenced]
wrote /home/atsushi/evaluation_pWCET_analysis_using_inequalities_and_copulas/ipoint/bench/build/ndes/ndes.ipoint.c and /home/atsushi/evaluation_pWCET_analysis_using_inequalities_and_copulas/ipoint/bench/build/ndes/schema_timing.json (8 instrumented units, ids 1..70)
+ make -s BENCH=ndes MODE=timing SRC=/home/atsushi/evaluation_pWCET_analysis_using_inequalities_and_copulas/ipoint/bench/build/ndes/ndes.ipoint.c KERNEL_DEFS=
/home/atsushi/evaluation_pWCET_analysis_using_inequalities_and_copulas/ipoint/bench/build/ndes/ndes.ipoint.c: In function ‘des’:
/home/atsushi/evaluation_pWCET_analysis_using_inequalities_and_copulas/ipoint/bench/build/ndes/ndes.ipoint.c:79:16: warning: operation on ‘icd.r’ may be undefined [-Wsequence-point]
   79 |          icd.r = (icd.r <<= 1) | getbit(key,ipc1[j],32);
      |          ~~~~~~^~~~~~~~~~~~~~~~~~~~~~~~~~~~~~~~~~~~~~~~
/home/atsushi/evaluation_pWCET_analysis_using_inequalities_and_copulas/ipoint/bench/build/ndes/ndes.ipoint.c:80:16: warning: operation on ‘icd.l’ may be undefined [-Wsequence-point]
   80 |          icd.l = (icd.l <<= 1) | getbit(key,ipc1[k],32);
      |          ~~~~~~^~~~~~~~~~~~~~~~~~~~~~~~~~~~~~~~~~~~~~~~
/home/atsushi/evaluation_pWCET_analysis_using_inequalities_and_copulas/ipoint/bench/build/ndes/ndes.ipoint.c:87:14: warning: operation on ‘itmp.r’ may be undefined [-Wsequence-point]
   87 |       itmp.r = (itmp.r <<= 1) | getbit(inp,ip[j],32);
      |       ~~~~~~~^~~~~~~~~~~~~~~~~~~~~~~~~~~~~~~~~~~~~~~
/home/atsushi/evaluation_pWCET_analysis_using_inequalities_and_copulas/ipoint/bench/build/ndes/ndes.ipoint.c:88:14: warning: operation on ‘itmp.l’ may be undefined [-Wsequence-point]
   88 |       itmp.l = (itmp.l <<= 1) | getbit(inp,ip[k],32);
      |       ~~~~~~~^~~~~~~~~~~~~~~~~~~~~~~~~~~~~~~~~~~~~~~
/home/atsushi/evaluation_pWCET_analysis_using_inequalities_and_copulas/ipoint/bench/build/ndes/ndes.ipoint.c:102:16: warning: operation on ‘out->r’ may be undefined [-Wsequence-point]
  102 |       (*out).r = ((*out).r <<= 1) | getbit(itmp,ipm[j],32);
      |       ~~~~~~~~~^~~~~~~~~~~~~~~~~~~~~~~~~~~~~~~~~~~~~~~~~~~
/home/atsushi/evaluation_pWCET_analysis_using_inequalities_and_copulas/ipoint/bench/build/ndes/ndes.ipoint.c:103:16: warning: operation on ‘out->l’ may be undefined [-Wsequence-point]
  103 |       (*out).l = ((*out).l <<= 1) | getbit(itmp,ipm[k],32);
      |       ~~~~~~~~~^~~~~~~~~~~~~~~~~~~~~~~~~~~~~~~~~~~~~~~~~~~
/home/atsushi/evaluation_pWCET_analysis_using_inequalities_and_copulas/ipoint/bench/build/ndes/ndes.ipoint.c: In function ‘ks’:
/home/atsushi/evaluation_pWCET_analysis_using_inequalities_and_copulas/ipoint/bench/build/ndes/ndes.ipoint.c:127:14: warning: operation on ‘kn->r’ may be undefined [-Wsequence-point]
  127 |       (*kn).r=((*kn).r <<= 1) | (unsigned short)
      |       ~~~~~~~^~~~~~~~~~~~~~~~~~~~~~~~~~~~~~~~~~~
  128 |           getbit(icd,ipc2[j],28);
      |           ~~~~~~~~~~~~~~~~~~~~~~
/home/atsushi/evaluation_pWCET_analysis_using_inequalities_and_copulas/ipoint/bench/build/ndes/ndes.ipoint.c:129:14: warning: operation on ‘kn->c’ may be undefined [-Wsequence-point]
  129 |       (*kn).c=((*kn).c <<= 1) | (unsigned short)
      |       ~~~~~~~^~~~~~~~~~~~~~~~~~~~~~~~~~~~~~~~~~~
  130 |           getbit(icd,ipc2[k],28);
      |           ~~~~~~~~~~~~~~~~~~~~~~
/home/atsushi/evaluation_pWCET_analysis_using_inequalities_and_copulas/ipoint/bench/build/ndes/ndes.ipoint.c:131:14: warning: operation on ‘kn->l’ may be undefined [-Wsequence-point]
  131 |       (*kn).l=((*kn).l <<= 1) | (unsigned short)
      |       ~~~~~~~^~~~~~~~~~~~~~~~~~~~~~~~~~~~~~~~~~~
  132 |           getbit(icd,ipc2[l],28);
      |           ~~~~~~~~~~~~~~~~~~~~~~
/home/atsushi/evaluation_pWCET_analysis_using_inequalities_and_copulas/ipoint/bench/build/ndes/ndes.ipoint.c: In function ‘cyfun’:
/home/atsushi/evaluation_pWCET_analysis_using_inequalities_and_copulas/ipoint/bench/build/ndes/ndes.ipoint.c:187:12: warning: operation on ‘ie.r’ may be undefined [-Wsequence-point]
  187 |       ie.r = (ie.r <<=1) | (p[iet[j]] & ir ? 1 : 0);
      |       ~~~~~^~~~~~~~~~~~~~~~~~~~~~~~~~~~~~~~~~~~~~~~
/home/atsushi/evaluation_pWCET_analysis_using_inequalities_and_copulas/ipoint/bench/build/ndes/ndes.ipoint.c:188:12: warning: operation on ‘ie.c’ may be undefined [-Wsequence-point]
  188 |       ie.c = (ie.c <<=1) | (p[iet[l]] & ir ? 1 : 0);
      |       ~~~~~^~~~~~~~~~~~~~~~~~~~~~~~~~~~~~~~~~~~~~~~
/home/atsushi/evaluation_pWCET_analysis_using_inequalities_and_copulas/ipoint/bench/build/ndes/ndes.ipoint.c:189:12: warning: operation on ‘ie.l’ may be undefined [-Wsequence-point]
  189 |       ie.l = (ie.l <<=1) | (p[iet[m]] & ir ? 1 : 0);
      |       ~~~~~^~~~~~~~~~~~~~~~~~~~~~~~~~~~~~~~~~~~~~~~
/home/atsushi/evaluation_pWCET_analysis_using_inequalities_and_copulas/ipoint/bench/build/ndes/ndes.ipoint.c:209:12: warning: operation on ‘itmp’ may be undefined [-Wsequence-point]
  209 |       itmp = (itmp <<= 4) | ibin[iss];
      |       ~~~~~^~~~~~~~~~~~~~~~~~~~~~~~~~
/home/atsushi/evaluation_pWCET_analysis_using_inequalities_and_copulas/ipoint/bench/build/ndes/ndes.ipoint.c:214:13: warning: operation on ‘*iout’ may be undefined [-Wsequence-point]
  214 |       *iout = (*iout <<= 1) | (p[ipp[j]] & itmp ? 1 : 0);
      |       ~~~~~~^~~~~~~~~~~~~~~~~~~~~~~~~~~~~~~~~~~~~~~~~~~~
+ taskset -c 6 /home/atsushi/evaluation_pWCET_analysis_using_inequalities_and_copulas/ipoint/bench/build/ndes/timing/bench_ndes --out traces/ndes/pilot/round4 --runs 1000 --full-trace-runs 1000 --seed0 20260829 --core 6 --warmup 1000 --param 0.0 --entry-id 1 --exit-id 2 --max-id 70 --calib 1
ndes [timing]: 1000 runs in 0.0 s; e2e ticks min/mean/max = 9298/9391.8/16454; migrations=0 overflow=0
+ /usr/bin/python3 /home/atsushi/evaluation_pWCET_analysis_using_inequalities_and_copulas/ipoint/tools/ipoint_parse.py --schema /home/atsushi/evaluation_pWCET_analysis_using_inequalities_and_copulas/ipoint/bench/build/ndes/schema_timing.json --trace-dir traces/ndes/pilot/round4 --out traces/ndes/pilot/round4/parsed --min-unit-ns 300.0
parsed 1000 runs, 4 units; implicit closes: 0, unmatched exits: 0, suggested exclusions: []
+ /usr/bin/python3 /home/atsushi/evaluation_pWCET_analysis_using_inequalities_and_copulas/ipoint/tools/ipoint_instrument.py /home/atsushi/evaluation_pWCET_analysis_using_inequalities_and_copulas/benchmarks/malardalen/ndes.c --entry des --out /home/atsushi/evaluation_pWCET_analysis_using_inequalities_and_copulas/ipoint/bench/build/ndes/ndes.ipoint.c --schema /home/atsushi/evaluation_pWCET_analysis_using_inequalities_and_copulas/ipoint/bench/build/ndes/schema_timing.json --bounds /home/atsushi/evaluation_pWCET_analysis_using_inequalities_and_copulas/ipoint/bench/bounds/ndes.bounds.json --all --exclude-unit cyfun --exclude-unit cyfun.L1 --exclude-unit cyfun.L1.body --exclude-unit cyfun.L2 --exclude-unit cyfun.L2.body --exclude-unit cyfun.L3 --exclude-unit cyfun.L3.body --exclude-unit cyfun.L4 --exclude-unit cyfun.L4.body --exclude-unit des.L1 --exclude-unit des.L1.body --exclude-unit des.L2.body --exclude-unit des.L3 --exclude-unit des.L3.body --exclude-unit des.if2.then.L1 --exclude-unit des.if2.then.L1.body --exclude-unit des.if2.then.L2 --exclude-unit des.if2.then.L2.body --exclude-unit getbit --exclude-unit getbit.if1.else --exclude-unit getbit.if1.then --exclude-unit ks --exclude-unit ks.L1 --exclude-unit ks.L1.body --exclude-unit ks.if1.else --exclude-unit ks.if1.else.L1 --exclude-unit ks.if1.else.L1.body --exclude-unit ks.if1.then
clang: /home/atsushi/evaluation_pWCET_analysis_using_inequalities_and_copulas/benchmarks/malardalen/ndes.c:65:29: warning: a function declaration without a prototype is deprecated in all versions of C and is treated as a zero-parameter prototype in C23, conflicting with a previous declaration [-Wdeprecated-non-prototype]
clang: /home/atsushi/evaluation_pWCET_analysis_using_inequalities_and_copulas/benchmarks/malardalen/ndes.c:208:20: warning: multiple unsequenced modifications to 'itmp' [-Wunsequenced]
wrote /home/atsushi/evaluation_pWCET_analysis_using_inequalities_and_copulas/ipoint/bench/build/ndes/ndes.ipoint.c and /home/atsushi/evaluation_pWCET_analysis_using_inequalities_and_copulas/ipoint/bench/build/ndes/schema_timing.json (8 instrumented units, ids 1..70)
=== ndes: build
+ make -s BENCH=ndes MODE=off SRC=/home/atsushi/evaluation_pWCET_analysis_using_inequalities_and_copulas/ipoint/bench/build/ndes/ndes.ipoint.c KERNEL_DEFS=
/home/atsushi/evaluation_pWCET_analysis_using_inequalities_and_copulas/ipoint/bench/build/ndes/ndes.ipoint.c: In function ‘des’:
/home/atsushi/evaluation_pWCET_analysis_using_inequalities_and_copulas/ipoint/bench/build/ndes/ndes.ipoint.c:79:16: warning: operation on ‘icd.r’ may be undefined [-Wsequence-point]
   79 |          icd.r = (icd.r <<= 1) | getbit(key,ipc1[j],32);
      |          ~~~~~~^~~~~~~~~~~~~~~~~~~~~~~~~~~~~~~~~~~~~~~~
/home/atsushi/evaluation_pWCET_analysis_using_inequalities_and_copulas/ipoint/bench/build/ndes/ndes.ipoint.c:80:16: warning: operation on ‘icd.l’ may be undefined [-Wsequence-point]
   80 |          icd.l = (icd.l <<= 1) | getbit(key,ipc1[k],32);
      |          ~~~~~~^~~~~~~~~~~~~~~~~~~~~~~~~~~~~~~~~~~~~~~~
/home/atsushi/evaluation_pWCET_analysis_using_inequalities_and_copulas/ipoint/bench/build/ndes/ndes.ipoint.c:87:14: warning: operation on ‘itmp.r’ may be undefined [-Wsequence-point]
   87 |       itmp.r = (itmp.r <<= 1) | getbit(inp,ip[j],32);
      |       ~~~~~~~^~~~~~~~~~~~~~~~~~~~~~~~~~~~~~~~~~~~~~~
/home/atsushi/evaluation_pWCET_analysis_using_inequalities_and_copulas/ipoint/bench/build/ndes/ndes.ipoint.c:88:14: warning: operation on ‘itmp.l’ may be undefined [-Wsequence-point]
   88 |       itmp.l = (itmp.l <<= 1) | getbit(inp,ip[k],32);
      |       ~~~~~~~^~~~~~~~~~~~~~~~~~~~~~~~~~~~~~~~~~~~~~~
/home/atsushi/evaluation_pWCET_analysis_using_inequalities_and_copulas/ipoint/bench/build/ndes/ndes.ipoint.c:102:16: warning: operation on ‘out->r’ may be undefined [-Wsequence-point]
  102 |       (*out).r = ((*out).r <<= 1) | getbit(itmp,ipm[j],32);
      |       ~~~~~~~~~^~~~~~~~~~~~~~~~~~~~~~~~~~~~~~~~~~~~~~~~~~~
/home/atsushi/evaluation_pWCET_analysis_using_inequalities_and_copulas/ipoint/bench/build/ndes/ndes.ipoint.c:103:16: warning: operation on ‘out->l’ may be undefined [-Wsequence-point]
  103 |       (*out).l = ((*out).l <<= 1) | getbit(itmp,ipm[k],32);
      |       ~~~~~~~~~^~~~~~~~~~~~~~~~~~~~~~~~~~~~~~~~~~~~~~~~~~~
/home/atsushi/evaluation_pWCET_analysis_using_inequalities_and_copulas/ipoint/bench/build/ndes/ndes.ipoint.c: In function ‘ks’:
/home/atsushi/evaluation_pWCET_analysis_using_inequalities_and_copulas/ipoint/bench/build/ndes/ndes.ipoint.c:127:14: warning: operation on ‘kn->r’ may be undefined [-Wsequence-point]
  127 |       (*kn).r=((*kn).r <<= 1) | (unsigned short)
      |       ~~~~~~~^~~~~~~~~~~~~~~~~~~~~~~~~~~~~~~~~~~
  128 |           getbit(icd,ipc2[j],28);
      |           ~~~~~~~~~~~~~~~~~~~~~~
/home/atsushi/evaluation_pWCET_analysis_using_inequalities_and_copulas/ipoint/bench/build/ndes/ndes.ipoint.c:129:14: warning: operation on ‘kn->c’ may be undefined [-Wsequence-point]
  129 |       (*kn).c=((*kn).c <<= 1) | (unsigned short)
      |       ~~~~~~~^~~~~~~~~~~~~~~~~~~~~~~~~~~~~~~~~~~
  130 |           getbit(icd,ipc2[k],28);
      |           ~~~~~~~~~~~~~~~~~~~~~~
/home/atsushi/evaluation_pWCET_analysis_using_inequalities_and_copulas/ipoint/bench/build/ndes/ndes.ipoint.c:131:14: warning: operation on ‘kn->l’ may be undefined [-Wsequence-point]
  131 |       (*kn).l=((*kn).l <<= 1) | (unsigned short)
      |       ~~~~~~~^~~~~~~~~~~~~~~~~~~~~~~~~~~~~~~~~~~
  132 |           getbit(icd,ipc2[l],28);
      |           ~~~~~~~~~~~~~~~~~~~~~~
/home/atsushi/evaluation_pWCET_analysis_using_inequalities_and_copulas/ipoint/bench/build/ndes/ndes.ipoint.c: In function ‘cyfun’:
/home/atsushi/evaluation_pWCET_analysis_using_inequalities_and_copulas/ipoint/bench/build/ndes/ndes.ipoint.c:187:12: warning: operation on ‘ie.r’ may be undefined [-Wsequence-point]
  187 |       ie.r = (ie.r <<=1) | (p[iet[j]] & ir ? 1 : 0);
      |       ~~~~~^~~~~~~~~~~~~~~~~~~~~~~~~~~~~~~~~~~~~~~~
/home/atsushi/evaluation_pWCET_analysis_using_inequalities_and_copulas/ipoint/bench/build/ndes/ndes.ipoint.c:188:12: warning: operation on ‘ie.c’ may be undefined [-Wsequence-point]
  188 |       ie.c = (ie.c <<=1) | (p[iet[l]] & ir ? 1 : 0);
      |       ~~~~~^~~~~~~~~~~~~~~~~~~~~~~~~~~~~~~~~~~~~~~~
/home/atsushi/evaluation_pWCET_analysis_using_inequalities_and_copulas/ipoint/bench/build/ndes/ndes.ipoint.c:189:12: warning: operation on ‘ie.l’ may be undefined [-Wsequence-point]
  189 |       ie.l = (ie.l <<=1) | (p[iet[m]] & ir ? 1 : 0);
      |       ~~~~~^~~~~~~~~~~~~~~~~~~~~~~~~~~~~~~~~~~~~~~~
/home/atsushi/evaluation_pWCET_analysis_using_inequalities_and_copulas/ipoint/bench/build/ndes/ndes.ipoint.c:209:12: warning: operation on ‘itmp’ may be undefined [-Wsequence-point]
  209 |       itmp = (itmp <<= 4) | ibin[iss];
      |       ~~~~~^~~~~~~~~~~~~~~~~~~~~~~~~~
/home/atsushi/evaluation_pWCET_analysis_using_inequalities_and_copulas/ipoint/bench/build/ndes/ndes.ipoint.c:214:13: warning: operation on ‘*iout’ may be undefined [-Wsequence-point]
  214 |       *iout = (*iout <<= 1) | (p[ipp[j]] & itmp ? 1 : 0);
      |       ~~~~~~^~~~~~~~~~~~~~~~~~~~~~~~~~~~~~~~~~~~~~~~~~~~
+ make -s BENCH=ndes MODE=timing SRC=/home/atsushi/evaluation_pWCET_analysis_using_inequalities_and_copulas/ipoint/bench/build/ndes/ndes.ipoint.c KERNEL_DEFS=
/home/atsushi/evaluation_pWCET_analysis_using_inequalities_and_copulas/ipoint/bench/build/ndes/ndes.ipoint.c: In function ‘des’:
/home/atsushi/evaluation_pWCET_analysis_using_inequalities_and_copulas/ipoint/bench/build/ndes/ndes.ipoint.c:79:16: warning: operation on ‘icd.r’ may be undefined [-Wsequence-point]
   79 |          icd.r = (icd.r <<= 1) | getbit(key,ipc1[j],32);
      |          ~~~~~~^~~~~~~~~~~~~~~~~~~~~~~~~~~~~~~~~~~~~~~~
/home/atsushi/evaluation_pWCET_analysis_using_inequalities_and_copulas/ipoint/bench/build/ndes/ndes.ipoint.c:80:16: warning: operation on ‘icd.l’ may be undefined [-Wsequence-point]
   80 |          icd.l = (icd.l <<= 1) | getbit(key,ipc1[k],32);
      |          ~~~~~~^~~~~~~~~~~~~~~~~~~~~~~~~~~~~~~~~~~~~~~~
/home/atsushi/evaluation_pWCET_analysis_using_inequalities_and_copulas/ipoint/bench/build/ndes/ndes.ipoint.c:87:14: warning: operation on ‘itmp.r’ may be undefined [-Wsequence-point]
   87 |       itmp.r = (itmp.r <<= 1) | getbit(inp,ip[j],32);
      |       ~~~~~~~^~~~~~~~~~~~~~~~~~~~~~~~~~~~~~~~~~~~~~~
/home/atsushi/evaluation_pWCET_analysis_using_inequalities_and_copulas/ipoint/bench/build/ndes/ndes.ipoint.c:88:14: warning: operation on ‘itmp.l’ may be undefined [-Wsequence-point]
   88 |       itmp.l = (itmp.l <<= 1) | getbit(inp,ip[k],32);
      |       ~~~~~~~^~~~~~~~~~~~~~~~~~~~~~~~~~~~~~~~~~~~~~~
/home/atsushi/evaluation_pWCET_analysis_using_inequalities_and_copulas/ipoint/bench/build/ndes/ndes.ipoint.c:102:16: warning: operation on ‘out->r’ may be undefined [-Wsequence-point]
  102 |       (*out).r = ((*out).r <<= 1) | getbit(itmp,ipm[j],32);
      |       ~~~~~~~~~^~~~~~~~~~~~~~~~~~~~~~~~~~~~~~~~~~~~~~~~~~~
/home/atsushi/evaluation_pWCET_analysis_using_inequalities_and_copulas/ipoint/bench/build/ndes/ndes.ipoint.c:103:16: warning: operation on ‘out->l’ may be undefined [-Wsequence-point]
  103 |       (*out).l = ((*out).l <<= 1) | getbit(itmp,ipm[k],32);
      |       ~~~~~~~~~^~~~~~~~~~~~~~~~~~~~~~~~~~~~~~~~~~~~~~~~~~~
/home/atsushi/evaluation_pWCET_analysis_using_inequalities_and_copulas/ipoint/bench/build/ndes/ndes.ipoint.c: In function ‘ks’:
/home/atsushi/evaluation_pWCET_analysis_using_inequalities_and_copulas/ipoint/bench/build/ndes/ndes.ipoint.c:127:14: warning: operation on ‘kn->r’ may be undefined [-Wsequence-point]
  127 |       (*kn).r=((*kn).r <<= 1) | (unsigned short)
      |       ~~~~~~~^~~~~~~~~~~~~~~~~~~~~~~~~~~~~~~~~~~
  128 |           getbit(icd,ipc2[j],28);
      |           ~~~~~~~~~~~~~~~~~~~~~~
/home/atsushi/evaluation_pWCET_analysis_using_inequalities_and_copulas/ipoint/bench/build/ndes/ndes.ipoint.c:129:14: warning: operation on ‘kn->c’ may be undefined [-Wsequence-point]
  129 |       (*kn).c=((*kn).c <<= 1) | (unsigned short)
      |       ~~~~~~~^~~~~~~~~~~~~~~~~~~~~~~~~~~~~~~~~~~
  130 |           getbit(icd,ipc2[k],28);
      |           ~~~~~~~~~~~~~~~~~~~~~~
/home/atsushi/evaluation_pWCET_analysis_using_inequalities_and_copulas/ipoint/bench/build/ndes/ndes.ipoint.c:131:14: warning: operation on ‘kn->l’ may be undefined [-Wsequence-point]
  131 |       (*kn).l=((*kn).l <<= 1) | (unsigned short)
      |       ~~~~~~~^~~~~~~~~~~~~~~~~~~~~~~~~~~~~~~~~~~
  132 |           getbit(icd,ipc2[l],28);
      |           ~~~~~~~~~~~~~~~~~~~~~~
/home/atsushi/evaluation_pWCET_analysis_using_inequalities_and_copulas/ipoint/bench/build/ndes/ndes.ipoint.c: In function ‘cyfun’:
/home/atsushi/evaluation_pWCET_analysis_using_inequalities_and_copulas/ipoint/bench/build/ndes/ndes.ipoint.c:187:12: warning: operation on ‘ie.r’ may be undefined [-Wsequence-point]
  187 |       ie.r = (ie.r <<=1) | (p[iet[j]] & ir ? 1 : 0);
      |       ~~~~~^~~~~~~~~~~~~~~~~~~~~~~~~~~~~~~~~~~~~~~~
/home/atsushi/evaluation_pWCET_analysis_using_inequalities_and_copulas/ipoint/bench/build/ndes/ndes.ipoint.c:188:12: warning: operation on ‘ie.c’ may be undefined [-Wsequence-point]
  188 |       ie.c = (ie.c <<=1) | (p[iet[l]] & ir ? 1 : 0);
      |       ~~~~~^~~~~~~~~~~~~~~~~~~~~~~~~~~~~~~~~~~~~~~~
/home/atsushi/evaluation_pWCET_analysis_using_inequalities_and_copulas/ipoint/bench/build/ndes/ndes.ipoint.c:189:12: warning: operation on ‘ie.l’ may be undefined [-Wsequence-point]
  189 |       ie.l = (ie.l <<=1) | (p[iet[m]] & ir ? 1 : 0);
      |       ~~~~~^~~~~~~~~~~~~~~~~~~~~~~~~~~~~~~~~~~~~~~~
/home/atsushi/evaluation_pWCET_analysis_using_inequalities_and_copulas/ipoint/bench/build/ndes/ndes.ipoint.c:209:12: warning: operation on ‘itmp’ may be undefined [-Wsequence-point]
  209 |       itmp = (itmp <<= 4) | ibin[iss];
      |       ~~~~~^~~~~~~~~~~~~~~~~~~~~~~~~~
/home/atsushi/evaluation_pWCET_analysis_using_inequalities_and_copulas/ipoint/bench/build/ndes/ndes.ipoint.c:214:13: warning: operation on ‘*iout’ may be undefined [-Wsequence-point]
  214 |       *iout = (*iout <<= 1) | (p[ipp[j]] & itmp ? 1 : 0);
      |       ~~~~~~^~~~~~~~~~~~~~~~~~~~~~~~~~~~~~~~~~~~~~~~~~~~
+ make -s BENCH=ndes MODE=coverage SRC=/home/atsushi/evaluation_pWCET_analysis_using_inequalities_and_copulas/ipoint/bench/build/ndes/ndes.ipoint_full.c KERNEL_DEFS=
/home/atsushi/evaluation_pWCET_analysis_using_inequalities_and_copulas/ipoint/bench/build/ndes/ndes.ipoint_full.c: In function ‘des’:
/home/atsushi/evaluation_pWCET_analysis_using_inequalities_and_copulas/ipoint/bench/build/ndes/ndes.ipoint_full.c:79:16: warning: operation on ‘icd.r’ may be undefined [-Wsequence-point]
   79 |          icd.r = (icd.r <<= 1) | getbit(key,ipc1[j],32);
      |          ~~~~~~^~~~~~~~~~~~~~~~~~~~~~~~~~~~~~~~~~~~~~~~
/home/atsushi/evaluation_pWCET_analysis_using_inequalities_and_copulas/ipoint/bench/build/ndes/ndes.ipoint_full.c:80:16: warning: operation on ‘icd.l’ may be undefined [-Wsequence-point]
   80 |          icd.l = (icd.l <<= 1) | getbit(key,ipc1[k],32);
      |          ~~~~~~^~~~~~~~~~~~~~~~~~~~~~~~~~~~~~~~~~~~~~~~
/home/atsushi/evaluation_pWCET_analysis_using_inequalities_and_copulas/ipoint/bench/build/ndes/ndes.ipoint_full.c:87:14: warning: operation on ‘itmp.r’ may be undefined [-Wsequence-point]
   87 |       itmp.r = (itmp.r <<= 1) | getbit(inp,ip[j],32);
      |       ~~~~~~~^~~~~~~~~~~~~~~~~~~~~~~~~~~~~~~~~~~~~~~
/home/atsushi/evaluation_pWCET_analysis_using_inequalities_and_copulas/ipoint/bench/build/ndes/ndes.ipoint_full.c:88:14: warning: operation on ‘itmp.l’ may be undefined [-Wsequence-point]
   88 |       itmp.l = (itmp.l <<= 1) | getbit(inp,ip[k],32);
      |       ~~~~~~~^~~~~~~~~~~~~~~~~~~~~~~~~~~~~~~~~~~~~~~
/home/atsushi/evaluation_pWCET_analysis_using_inequalities_and_copulas/ipoint/bench/build/ndes/ndes.ipoint_full.c:102:16: warning: operation on ‘out->r’ may be undefined [-Wsequence-point]
  102 |       (*out).r = ((*out).r <<= 1) | getbit(itmp,ipm[j],32);
      |       ~~~~~~~~~^~~~~~~~~~~~~~~~~~~~~~~~~~~~~~~~~~~~~~~~~~~
/home/atsushi/evaluation_pWCET_analysis_using_inequalities_and_copulas/ipoint/bench/build/ndes/ndes.ipoint_full.c:103:16: warning: operation on ‘out->l’ may be undefined [-Wsequence-point]
  103 |       (*out).l = ((*out).l <<= 1) | getbit(itmp,ipm[k],32);
      |       ~~~~~~~~~^~~~~~~~~~~~~~~~~~~~~~~~~~~~~~~~~~~~~~~~~~~
/home/atsushi/evaluation_pWCET_analysis_using_inequalities_and_copulas/ipoint/bench/build/ndes/ndes.ipoint_full.c: In function ‘ks’:
/home/atsushi/evaluation_pWCET_analysis_using_inequalities_and_copulas/ipoint/bench/build/ndes/ndes.ipoint_full.c:127:14: warning: operation on ‘kn->r’ may be undefined [-Wsequence-point]
  127 |       (*kn).r=((*kn).r <<= 1) | (unsigned short)
      |       ~~~~~~~^~~~~~~~~~~~~~~~~~~~~~~~~~~~~~~~~~~
  128 |           getbit(icd,ipc2[j],28);
      |           ~~~~~~~~~~~~~~~~~~~~~~
/home/atsushi/evaluation_pWCET_analysis_using_inequalities_and_copulas/ipoint/bench/build/ndes/ndes.ipoint_full.c:129:14: warning: operation on ‘kn->c’ may be undefined [-Wsequence-point]
  129 |       (*kn).c=((*kn).c <<= 1) | (unsigned short)
      |       ~~~~~~~^~~~~~~~~~~~~~~~~~~~~~~~~~~~~~~~~~~
  130 |           getbit(icd,ipc2[k],28);
      |           ~~~~~~~~~~~~~~~~~~~~~~
/home/atsushi/evaluation_pWCET_analysis_using_inequalities_and_copulas/ipoint/bench/build/ndes/ndes.ipoint_full.c:131:14: warning: operation on ‘kn->l’ may be undefined [-Wsequence-point]
  131 |       (*kn).l=((*kn).l <<= 1) | (unsigned short)
      |       ~~~~~~~^~~~~~~~~~~~~~~~~~~~~~~~~~~~~~~~~~~
  132 |           getbit(icd,ipc2[l],28);
      |           ~~~~~~~~~~~~~~~~~~~~~~
/home/atsushi/evaluation_pWCET_analysis_using_inequalities_and_copulas/ipoint/bench/build/ndes/ndes.ipoint_full.c: In function ‘cyfun’:
/home/atsushi/evaluation_pWCET_analysis_using_inequalities_and_copulas/ipoint/bench/build/ndes/ndes.ipoint_full.c:187:12: warning: operation on ‘ie.r’ may be undefined [-Wsequence-point]
  187 |       ie.r = (ie.r <<=1) | (p[iet[j]] & ir ? 1 : 0);
      |       ~~~~~^~~~~~~~~~~~~~~~~~~~~~~~~~~~~~~~~~~~~~~~
/home/atsushi/evaluation_pWCET_analysis_using_inequalities_and_copulas/ipoint/bench/build/ndes/ndes.ipoint_full.c:188:12: warning: operation on ‘ie.c’ may be undefined [-Wsequence-point]
  188 |       ie.c = (ie.c <<=1) | (p[iet[l]] & ir ? 1 : 0);
      |       ~~~~~^~~~~~~~~~~~~~~~~~~~~~~~~~~~~~~~~~~~~~~~
/home/atsushi/evaluation_pWCET_analysis_using_inequalities_and_copulas/ipoint/bench/build/ndes/ndes.ipoint_full.c:189:12: warning: operation on ‘ie.l’ may be undefined [-Wsequence-point]
  189 |       ie.l = (ie.l <<=1) | (p[iet[m]] & ir ? 1 : 0);
      |       ~~~~~^~~~~~~~~~~~~~~~~~~~~~~~~~~~~~~~~~~~~~~~
/home/atsushi/evaluation_pWCET_analysis_using_inequalities_and_copulas/ipoint/bench/build/ndes/ndes.ipoint_full.c:209:12: warning: operation on ‘itmp’ may be undefined [-Wsequence-point]
  209 |       itmp = (itmp <<= 4) | ibin[iss];
      |       ~~~~~^~~~~~~~~~~~~~~~~~~~~~~~~~
/home/atsushi/evaluation_pWCET_analysis_using_inequalities_and_copulas/ipoint/bench/build/ndes/ndes.ipoint_full.c:214:27: warning: operation on ‘*iout’ may be undefined [-Wsequence-point]
  214 |       { IPOINT(69); *iout = (*iout <<= 1) | (p[ipp[j]] & itmp ? 1 : 0); IPOINT(70); } IPOINT(68);
      |                     ~~~~~~^~~~~~~~~~~~~~~~~~~~~~~~~~~~~~~~~~~~~~~~~~~~
=== ndes: run
+ taskset -c 6 /home/atsushi/evaluation_pWCET_analysis_using_inequalities_and_copulas/ipoint/bench/build/ndes/timing/bench_ndes --out traces/ndes/timing --runs 10000000 --full-trace-runs 100000 --seed0 20260829 --core 6 --warmup 1000 --param 0.0 --entry-id 1 --exit-id 2 --max-id 70 --calib 1
ndes: 1000000/10000000 runs, 5.1 s elapsed
ndes: 2000000/10000000 runs, 10.2 s elapsed
ndes: 3000000/10000000 runs, 15.3 s elapsed
ndes: 4000000/10000000 runs, 20.4 s elapsed
ndes: 5000000/10000000 runs, 25.5 s elapsed
ndes: 6000000/10000000 runs, 30.6 s elapsed
ndes: 7000000/10000000 runs, 35.7 s elapsed
ndes: 8000000/10000000 runs, 40.8 s elapsed
ndes: 9000000/10000000 runs, 45.9 s elapsed
ndes: 10000000/10000000 runs, 51.0 s elapsed
ndes [timing]: 10000000 runs in 51.0 s; e2e ticks min/mean/max = 9270/9361.3/515340; migrations=0 overflow=0
+ taskset -c 6 /home/atsushi/evaluation_pWCET_analysis_using_inequalities_and_copulas/ipoint/bench/build/ndes/off/bench_ndes --out traces/ndes/off --runs 100000 --full-trace-runs 0 --seed0 20260829 --core 6 --warmup 1000 --param 0.0 --entry-id 1 --exit-id 2 --max-id 70 --calib 1
ndes [off]: 100000 runs in 0.4 s; e2e ticks min/mean/max = 8234/8304.0/17416; migrations=0 overflow=0
+ taskset -c 6 /home/atsushi/evaluation_pWCET_analysis_using_inequalities_and_copulas/ipoint/bench/build/ndes/coverage/bench_ndes --out traces/ndes/coverage --runs 10000000 --full-trace-runs 0 --seed0 20260829 --core 6 --warmup 1000 --param 0.0 --entry-id 1 --exit-id 2 --max-id 70 --calib 1
ndes: 1000000/10000000 runs, 14.1 s elapsed
ndes: 2000000/10000000 runs, 28.3 s elapsed
ndes: 3000000/10000000 runs, 42.4 s elapsed
ndes: 4000000/10000000 runs, 56.5 s elapsed
ndes: 5000000/10000000 runs, 70.7 s elapsed
ndes: 6000000/10000000 runs, 84.8 s elapsed
ndes: 7000000/10000000 runs, 98.9 s elapsed
ndes: 8000000/10000000 runs, 113.1 s elapsed
ndes: 9000000/10000000 runs, 127.2 s elapsed
ndes: 10000000/10000000 runs, 141.4 s elapsed
ndes [coverage]: 10000000 runs in 141.4 s; e2e ticks min/mean/max = 27898/28284.5/533490; migrations=0 overflow=0
=== ndes: parse
+ /usr/bin/python3 /home/atsushi/evaluation_pWCET_analysis_using_inequalities_and_copulas/ipoint/tools/ipoint_parse.py --schema /home/atsushi/evaluation_pWCET_analysis_using_inequalities_and_copulas/ipoint/bench/build/ndes/schema_timing.json --trace-dir traces/ndes/timing --out traces/ndes/parsed --min-unit-ns 300.0
parsed 10000/100000 runs
parsed 20000/100000 runs
parsed 30000/100000 runs
parsed 40000/100000 runs
parsed 50000/100000 runs
parsed 60000/100000 runs
parsed 70000/100000 runs
parsed 80000/100000 runs
parsed 90000/100000 runs
parsed 100000/100000 runs
parsed 100000 runs, 4 units; implicit closes: 0, unmatched exits: 0, suggested exclusions: []
+ /usr/bin/python3 /home/atsushi/evaluation_pWCET_analysis_using_inequalities_and_copulas/ipoint/tools/ipoint_check.py --schema /home/atsushi/evaluation_pWCET_analysis_using_inequalities_and_copulas/ipoint/bench/build/ndes/schema_timing.json --trace-dir traces/ndes/timing --parsed traces/ndes/parsed
ndes: 0 failures over 100000 runs, 6 units
+ /usr/bin/python3 /home/atsushi/evaluation_pWCET_analysis_using_inequalities_and_copulas/ipoint/tools/ipoint_overhead.py --off traces/ndes/off --timing traces/ndes/timing --coverage traces/ndes/coverage --out traces/ndes/overhead.json
+ /usr/bin/python3 /home/atsushi/evaluation_pWCET_analysis_using_inequalities_and_copulas/ipoint/tools/ipoint_coverage.py --schema /home/atsushi/evaluation_pWCET_analysis_using_inequalities_and_copulas/ipoint/bench/build/ndes/schema_full.json --dir traces/ndes/coverage --train 10000 --out traces/ndes/coverage.json
=== st: instrument
+ /usr/bin/python3 /home/atsushi/evaluation_pWCET_analysis_using_inequalities_and_copulas/ipoint/tools/ipoint_instrument.py /home/atsushi/evaluation_pWCET_analysis_using_inequalities_and_copulas/benchmarks/malardalen/st.c --entry main --out /home/atsushi/evaluation_pWCET_analysis_using_inequalities_and_copulas/ipoint/bench/build/st/st.ipoint_full.c --schema /home/atsushi/evaluation_pWCET_analysis_using_inequalities_and_copulas/ipoint/bench/build/st/schema_full.json --keep-main --all
clang: /home/atsushi/evaluation_pWCET_analysis_using_inequalities_and_copulas/benchmarks/malardalen/st.c:56:14: warning: passing arguments to 'Initialize' without a prototype is deprecated in all versions of C and is not supported in C23 [-Wdeprecated-non-prototype]
clang: /home/atsushi/evaluation_pWCET_analysis_using_inequalities_and_copulas/benchmarks/malardalen/st.c:57:17: warning: passing arguments to 'Calc_Sum_Mean' without a prototype is deprecated in all versions of C and is not supported in C23 [-Wdeprecated-non-prototype]
clang: /home/atsushi/evaluation_pWCET_analysis_using_inequalities_and_copulas/benchmarks/malardalen/st.c:58:19: warning: passing arguments to 'Calc_Var_Stddev' without a prototype is deprecated in all versions of C and is not supported in C23 [-Wdeprecated-non-prototype]
clang: /home/atsushi/evaluation_pWCET_analysis_using_inequalities_and_copulas/benchmarks/malardalen/st.c:60:14: warning: passing arguments to 'Initialize' without a prototype is deprecated in all versions of C and is not supported in C23 [-Wdeprecated-non-prototype]
clang: /home/atsushi/evaluation_pWCET_analysis_using_inequalities_and_copulas/benchmarks/malardalen/st.c:61:17: warning: passing arguments to 'Calc_Sum_Mean' without a prototype is deprecated in all versions of C and is not supported in C23 [-Wdeprecated-non-prototype]
clang: /home/atsushi/evaluation_pWCET_analysis_using_inequalities_and_copulas/benchmarks/malardalen/st.c:62:19: warning: passing arguments to 'Calc_Var_Stddev' without a prototype is deprecated in all versions of C and is not supported in C23 [-Wdeprecated-non-prototype]
clang: /home/atsushi/evaluation_pWCET_analysis_using_inequalities_and_copulas/benchmarks/malardalen/st.c:67:20: warning: passing arguments to 'Calc_LinCorrCoef' without a prototype is deprecated in all versions of C and is not supported in C23 [-Wdeprecated-non-prototype]
clang: /home/atsushi/evaluation_pWCET_analysis_using_inequalities_and_copulas/benchmarks/malardalen/st.c:90:6: warning: a function definition without a prototype is deprecated in all versions of C and is not supported in C23 [-Wdeprecated-non-prototype]
clang: /home/atsushi/evaluation_pWCET_analysis_using_inequalities_and_copulas/benchmarks/malardalen/st.c:103:8: warning: a function definition without a prototype is deprecated in all versions of C and is not supported in C23 [-Wdeprecated-non-prototype]
clang: /home/atsushi/evaluation_pWCET_analysis_using_inequalities_and_copulas/benchmarks/malardalen/st.c:110:6: warning: a function definition without a prototype is deprecated in all versions of C and is not supported in C23 [-Wdeprecated-non-prototype]
clang: /home/atsushi/evaluation_pWCET_analysis_using_inequalities_and_copulas/benchmarks/malardalen/st.c:124:6: warning: a function definition without a prototype is deprecated in all versions of C and is not supported in C23 [-Wdeprecated-non-prototype]
clang: /home/atsushi/evaluation_pWCET_analysis_using_inequalities_and_copulas/benchmarks/malardalen/st.c:144:6: warning: a function definition without a prototype is deprecated in all versions of C and is not supported in C23 [-Wdeprecated-non-prototype]
wrote /home/atsushi/evaluation_pWCET_analysis_using_inequalities_and_copulas/ipoint/bench/build/st/st.ipoint_full.c and /home/atsushi/evaluation_pWCET_analysis_using_inequalities_and_copulas/ipoint/bench/build/st/schema_full.json (16 instrumented units, ids 1..32)
=== st: pilot
+ /usr/bin/python3 /home/atsushi/evaluation_pWCET_analysis_using_inequalities_and_copulas/ipoint/tools/ipoint_instrument.py /home/atsushi/evaluation_pWCET_analysis_using_inequalities_and_copulas/benchmarks/malardalen/st.c --entry main --out /home/atsushi/evaluation_pWCET_analysis_using_inequalities_and_copulas/ipoint/bench/build/st/st.ipoint.c --schema /home/atsushi/evaluation_pWCET_analysis_using_inequalities_and_copulas/ipoint/bench/build/st/schema_timing.json --keep-main --all
clang: /home/atsushi/evaluation_pWCET_analysis_using_inequalities_and_copulas/benchmarks/malardalen/st.c:56:14: warning: passing arguments to 'Initialize' without a prototype is deprecated in all versions of C and is not supported in C23 [-Wdeprecated-non-prototype]
clang: /home/atsushi/evaluation_pWCET_analysis_using_inequalities_and_copulas/benchmarks/malardalen/st.c:57:17: warning: passing arguments to 'Calc_Sum_Mean' without a prototype is deprecated in all versions of C and is not supported in C23 [-Wdeprecated-non-prototype]
clang: /home/atsushi/evaluation_pWCET_analysis_using_inequalities_and_copulas/benchmarks/malardalen/st.c:58:19: warning: passing arguments to 'Calc_Var_Stddev' without a prototype is deprecated in all versions of C and is not supported in C23 [-Wdeprecated-non-prototype]
clang: /home/atsushi/evaluation_pWCET_analysis_using_inequalities_and_copulas/benchmarks/malardalen/st.c:60:14: warning: passing arguments to 'Initialize' without a prototype is deprecated in all versions of C and is not supported in C23 [-Wdeprecated-non-prototype]
clang: /home/atsushi/evaluation_pWCET_analysis_using_inequalities_and_copulas/benchmarks/malardalen/st.c:61:17: warning: passing arguments to 'Calc_Sum_Mean' without a prototype is deprecated in all versions of C and is not supported in C23 [-Wdeprecated-non-prototype]
clang: /home/atsushi/evaluation_pWCET_analysis_using_inequalities_and_copulas/benchmarks/malardalen/st.c:62:19: warning: passing arguments to 'Calc_Var_Stddev' without a prototype is deprecated in all versions of C and is not supported in C23 [-Wdeprecated-non-prototype]
clang: /home/atsushi/evaluation_pWCET_analysis_using_inequalities_and_copulas/benchmarks/malardalen/st.c:67:20: warning: passing arguments to 'Calc_LinCorrCoef' without a prototype is deprecated in all versions of C and is not supported in C23 [-Wdeprecated-non-prototype]
clang: /home/atsushi/evaluation_pWCET_analysis_using_inequalities_and_copulas/benchmarks/malardalen/st.c:90:6: warning: a function definition without a prototype is deprecated in all versions of C and is not supported in C23 [-Wdeprecated-non-prototype]
clang: /home/atsushi/evaluation_pWCET_analysis_using_inequalities_and_copulas/benchmarks/malardalen/st.c:103:8: warning: a function definition without a prototype is deprecated in all versions of C and is not supported in C23 [-Wdeprecated-non-prototype]
clang: /home/atsushi/evaluation_pWCET_analysis_using_inequalities_and_copulas/benchmarks/malardalen/st.c:110:6: warning: a function definition without a prototype is deprecated in all versions of C and is not supported in C23 [-Wdeprecated-non-prototype]
clang: /home/atsushi/evaluation_pWCET_analysis_using_inequalities_and_copulas/benchmarks/malardalen/st.c:124:6: warning: a function definition without a prototype is deprecated in all versions of C and is not supported in C23 [-Wdeprecated-non-prototype]
clang: /home/atsushi/evaluation_pWCET_analysis_using_inequalities_and_copulas/benchmarks/malardalen/st.c:144:6: warning: a function definition without a prototype is deprecated in all versions of C and is not supported in C23 [-Wdeprecated-non-prototype]
wrote /home/atsushi/evaluation_pWCET_analysis_using_inequalities_and_copulas/ipoint/bench/build/st/st.ipoint.c and /home/atsushi/evaluation_pWCET_analysis_using_inequalities_and_copulas/ipoint/bench/build/st/schema_timing.json (16 instrumented units, ids 1..32)
+ make -s BENCH=st MODE=timing SRC=/home/atsushi/evaluation_pWCET_analysis_using_inequalities_and_copulas/ipoint/bench/build/st/st.ipoint.c KERNEL_DEFS=
/home/atsushi/evaluation_pWCET_analysis_using_inequalities_and_copulas/ipoint/bench/build/st/st.ipoint.c: In function ‘ipoint_orig_main’:
/home/atsushi/evaluation_pWCET_analysis_using_inequalities_and_copulas/ipoint/bench/build/st/st.ipoint.c:79:12: warning: control reaches end of non-void function [-Wreturn-type]
   79 | IPOINT(2); }
      |            ^
+ taskset -c 6 /home/atsushi/evaluation_pWCET_analysis_using_inequalities_and_copulas/ipoint/bench/build/st/timing/bench_st --out traces/st/pilot/round0 --runs 1000 --full-trace-runs 1000 --seed0 20260829 --core 6 --warmup 1000 --param 0.0 --entry-id 1 --exit-id 2 --max-id 32 --calib 1
st [timing]: 1000 runs in 2.1 s; e2e ticks min/mean/max = 1767154/1771705.0/1797516; migrations=0 overflow=0
+ /usr/bin/python3 /home/atsushi/evaluation_pWCET_analysis_using_inequalities_and_copulas/ipoint/tools/ipoint_parse.py --schema /home/atsushi/evaluation_pWCET_analysis_using_inequalities_and_copulas/ipoint/bench/build/st/schema_timing.json --trace-dir traces/st/pilot/round0 --out traces/st/pilot/round0/parsed --min-unit-ns 300.0
parsed 1000 runs, 16 units; implicit closes: 0, unmatched exits: 0, suggested exclusions: ['InitSeed', 'RandomInteger', 'Initialize.L1.body', 'Calc_Sum_Mean.L1.body', 'Square', 'Calc_Var_Stddev.L1.body', 'Calc_LinCorrCoef.L1.body']
+ /usr/bin/python3 /home/atsushi/evaluation_pWCET_analysis_using_inequalities_and_copulas/ipoint/tools/ipoint_instrument.py /home/atsushi/evaluation_pWCET_analysis_using_inequalities_and_copulas/benchmarks/malardalen/st.c --entry main --out /home/atsushi/evaluation_pWCET_analysis_using_inequalities_and_copulas/ipoint/bench/build/st/st.ipoint.c --schema /home/atsushi/evaluation_pWCET_analysis_using_inequalities_and_copulas/ipoint/bench/build/st/schema_timing.json --keep-main --all --exclude-unit Calc_LinCorrCoef.L1.body --exclude-unit Calc_Sum_Mean.L1.body --exclude-unit Calc_Var_Stddev.L1.body --exclude-unit InitSeed --exclude-unit Initialize.L1.body --exclude-unit RandomInteger --exclude-unit Square
clang: /home/atsushi/evaluation_pWCET_analysis_using_inequalities_and_copulas/benchmarks/malardalen/st.c:56:14: warning: passing arguments to 'Initialize' without a prototype is deprecated in all versions of C and is not supported in C23 [-Wdeprecated-non-prototype]
clang: /home/atsushi/evaluation_pWCET_analysis_using_inequalities_and_copulas/benchmarks/malardalen/st.c:57:17: warning: passing arguments to 'Calc_Sum_Mean' without a prototype is deprecated in all versions of C and is not supported in C23 [-Wdeprecated-non-prototype]
clang: /home/atsushi/evaluation_pWCET_analysis_using_inequalities_and_copulas/benchmarks/malardalen/st.c:58:19: warning: passing arguments to 'Calc_Var_Stddev' without a prototype is deprecated in all versions of C and is not supported in C23 [-Wdeprecated-non-prototype]
clang: /home/atsushi/evaluation_pWCET_analysis_using_inequalities_and_copulas/benchmarks/malardalen/st.c:60:14: warning: passing arguments to 'Initialize' without a prototype is deprecated in all versions of C and is not supported in C23 [-Wdeprecated-non-prototype]
clang: /home/atsushi/evaluation_pWCET_analysis_using_inequalities_and_copulas/benchmarks/malardalen/st.c:61:17: warning: passing arguments to 'Calc_Sum_Mean' without a prototype is deprecated in all versions of C and is not supported in C23 [-Wdeprecated-non-prototype]
clang: /home/atsushi/evaluation_pWCET_analysis_using_inequalities_and_copulas/benchmarks/malardalen/st.c:62:19: warning: passing arguments to 'Calc_Var_Stddev' without a prototype is deprecated in all versions of C and is not supported in C23 [-Wdeprecated-non-prototype]
clang: /home/atsushi/evaluation_pWCET_analysis_using_inequalities_and_copulas/benchmarks/malardalen/st.c:67:20: warning: passing arguments to 'Calc_LinCorrCoef' without a prototype is deprecated in all versions of C and is not supported in C23 [-Wdeprecated-non-prototype]
clang: /home/atsushi/evaluation_pWCET_analysis_using_inequalities_and_copulas/benchmarks/malardalen/st.c:90:6: warning: a function definition without a prototype is deprecated in all versions of C and is not supported in C23 [-Wdeprecated-non-prototype]
clang: /home/atsushi/evaluation_pWCET_analysis_using_inequalities_and_copulas/benchmarks/malardalen/st.c:103:8: warning: a function definition without a prototype is deprecated in all versions of C and is not supported in C23 [-Wdeprecated-non-prototype]
clang: /home/atsushi/evaluation_pWCET_analysis_using_inequalities_and_copulas/benchmarks/malardalen/st.c:110:6: warning: a function definition without a prototype is deprecated in all versions of C and is not supported in C23 [-Wdeprecated-non-prototype]
clang: /home/atsushi/evaluation_pWCET_analysis_using_inequalities_and_copulas/benchmarks/malardalen/st.c:124:6: warning: a function definition without a prototype is deprecated in all versions of C and is not supported in C23 [-Wdeprecated-non-prototype]
clang: /home/atsushi/evaluation_pWCET_analysis_using_inequalities_and_copulas/benchmarks/malardalen/st.c:144:6: warning: a function definition without a prototype is deprecated in all versions of C and is not supported in C23 [-Wdeprecated-non-prototype]
wrote /home/atsushi/evaluation_pWCET_analysis_using_inequalities_and_copulas/ipoint/bench/build/st/st.ipoint.c and /home/atsushi/evaluation_pWCET_analysis_using_inequalities_and_copulas/ipoint/bench/build/st/schema_timing.json (9 instrumented units, ids 1..32)
+ make -s BENCH=st MODE=timing SRC=/home/atsushi/evaluation_pWCET_analysis_using_inequalities_and_copulas/ipoint/bench/build/st/st.ipoint.c KERNEL_DEFS=
/home/atsushi/evaluation_pWCET_analysis_using_inequalities_and_copulas/ipoint/bench/build/st/st.ipoint.c: In function ‘ipoint_orig_main’:
/home/atsushi/evaluation_pWCET_analysis_using_inequalities_and_copulas/ipoint/bench/build/st/st.ipoint.c:79:12: warning: control reaches end of non-void function [-Wreturn-type]
   79 | IPOINT(2); }
      |            ^
+ taskset -c 6 /home/atsushi/evaluation_pWCET_analysis_using_inequalities_and_copulas/ipoint/bench/build/st/timing/bench_st --out traces/st/pilot/round1 --runs 1000 --full-trace-runs 1000 --seed0 20260829 --core 6 --warmup 1000 --param 0.0 --entry-id 1 --exit-id 2 --max-id 32 --calib 1
st [timing]: 1000 runs in 0.0 s; e2e ticks min/mean/max = 50026/50420.2/55178; migrations=0 overflow=0
+ /usr/bin/python3 /home/atsushi/evaluation_pWCET_analysis_using_inequalities_and_copulas/ipoint/tools/ipoint_parse.py --schema /home/atsushi/evaluation_pWCET_analysis_using_inequalities_and_copulas/ipoint/bench/build/st/schema_timing.json --trace-dir traces/st/pilot/round1 --out traces/st/pilot/round1/parsed --min-unit-ns 300.0
parsed 1000 runs, 9 units; implicit closes: 0, unmatched exits: 0, suggested exclusions: []
+ /usr/bin/python3 /home/atsushi/evaluation_pWCET_analysis_using_inequalities_and_copulas/ipoint/tools/ipoint_instrument.py /home/atsushi/evaluation_pWCET_analysis_using_inequalities_and_copulas/benchmarks/malardalen/st.c --entry main --out /home/atsushi/evaluation_pWCET_analysis_using_inequalities_and_copulas/ipoint/bench/build/st/st.ipoint.c --schema /home/atsushi/evaluation_pWCET_analysis_using_inequalities_and_copulas/ipoint/bench/build/st/schema_timing.json --keep-main --all --exclude-unit Calc_LinCorrCoef.L1.body --exclude-unit Calc_Sum_Mean.L1.body --exclude-unit Calc_Var_Stddev.L1.body --exclude-unit InitSeed --exclude-unit Initialize.L1.body --exclude-unit RandomInteger --exclude-unit Square
clang: /home/atsushi/evaluation_pWCET_analysis_using_inequalities_and_copulas/benchmarks/malardalen/st.c:56:14: warning: passing arguments to 'Initialize' without a prototype is deprecated in all versions of C and is not supported in C23 [-Wdeprecated-non-prototype]
clang: /home/atsushi/evaluation_pWCET_analysis_using_inequalities_and_copulas/benchmarks/malardalen/st.c:57:17: warning: passing arguments to 'Calc_Sum_Mean' without a prototype is deprecated in all versions of C and is not supported in C23 [-Wdeprecated-non-prototype]
clang: /home/atsushi/evaluation_pWCET_analysis_using_inequalities_and_copulas/benchmarks/malardalen/st.c:58:19: warning: passing arguments to 'Calc_Var_Stddev' without a prototype is deprecated in all versions of C and is not supported in C23 [-Wdeprecated-non-prototype]
clang: /home/atsushi/evaluation_pWCET_analysis_using_inequalities_and_copulas/benchmarks/malardalen/st.c:60:14: warning: passing arguments to 'Initialize' without a prototype is deprecated in all versions of C and is not supported in C23 [-Wdeprecated-non-prototype]
clang: /home/atsushi/evaluation_pWCET_analysis_using_inequalities_and_copulas/benchmarks/malardalen/st.c:61:17: warning: passing arguments to 'Calc_Sum_Mean' without a prototype is deprecated in all versions of C and is not supported in C23 [-Wdeprecated-non-prototype]
clang: /home/atsushi/evaluation_pWCET_analysis_using_inequalities_and_copulas/benchmarks/malardalen/st.c:62:19: warning: passing arguments to 'Calc_Var_Stddev' without a prototype is deprecated in all versions of C and is not supported in C23 [-Wdeprecated-non-prototype]
clang: /home/atsushi/evaluation_pWCET_analysis_using_inequalities_and_copulas/benchmarks/malardalen/st.c:67:20: warning: passing arguments to 'Calc_LinCorrCoef' without a prototype is deprecated in all versions of C and is not supported in C23 [-Wdeprecated-non-prototype]
clang: /home/atsushi/evaluation_pWCET_analysis_using_inequalities_and_copulas/benchmarks/malardalen/st.c:90:6: warning: a function definition without a prototype is deprecated in all versions of C and is not supported in C23 [-Wdeprecated-non-prototype]
clang: /home/atsushi/evaluation_pWCET_analysis_using_inequalities_and_copulas/benchmarks/malardalen/st.c:103:8: warning: a function definition without a prototype is deprecated in all versions of C and is not supported in C23 [-Wdeprecated-non-prototype]
clang: /home/atsushi/evaluation_pWCET_analysis_using_inequalities_and_copulas/benchmarks/malardalen/st.c:110:6: warning: a function definition without a prototype is deprecated in all versions of C and is not supported in C23 [-Wdeprecated-non-prototype]
clang: /home/atsushi/evaluation_pWCET_analysis_using_inequalities_and_copulas/benchmarks/malardalen/st.c:124:6: warning: a function definition without a prototype is deprecated in all versions of C and is not supported in C23 [-Wdeprecated-non-prototype]
clang: /home/atsushi/evaluation_pWCET_analysis_using_inequalities_and_copulas/benchmarks/malardalen/st.c:144:6: warning: a function definition without a prototype is deprecated in all versions of C and is not supported in C23 [-Wdeprecated-non-prototype]
wrote /home/atsushi/evaluation_pWCET_analysis_using_inequalities_and_copulas/ipoint/bench/build/st/st.ipoint.c and /home/atsushi/evaluation_pWCET_analysis_using_inequalities_and_copulas/ipoint/bench/build/st/schema_timing.json (9 instrumented units, ids 1..32)
=== st: build
+ make -s BENCH=st MODE=off SRC=/home/atsushi/evaluation_pWCET_analysis_using_inequalities_and_copulas/ipoint/bench/build/st/st.ipoint.c KERNEL_DEFS=
/home/atsushi/evaluation_pWCET_analysis_using_inequalities_and_copulas/ipoint/bench/build/st/st.ipoint.c: In function ‘ipoint_orig_main’:
/home/atsushi/evaluation_pWCET_analysis_using_inequalities_and_copulas/ipoint/bench/build/st/st.ipoint.c:79:12: warning: control reaches end of non-void function [-Wreturn-type]
   79 | IPOINT(2); }
      |            ^
+ make -s BENCH=st MODE=timing SRC=/home/atsushi/evaluation_pWCET_analysis_using_inequalities_and_copulas/ipoint/bench/build/st/st.ipoint.c KERNEL_DEFS=
/home/atsushi/evaluation_pWCET_analysis_using_inequalities_and_copulas/ipoint/bench/build/st/st.ipoint.c: In function ‘ipoint_orig_main’:
/home/atsushi/evaluation_pWCET_analysis_using_inequalities_and_copulas/ipoint/bench/build/st/st.ipoint.c:79:12: warning: control reaches end of non-void function [-Wreturn-type]
   79 | IPOINT(2); }
      |            ^
+ make -s BENCH=st MODE=coverage SRC=/home/atsushi/evaluation_pWCET_analysis_using_inequalities_and_copulas/ipoint/bench/build/st/st.ipoint_full.c KERNEL_DEFS=
/home/atsushi/evaluation_pWCET_analysis_using_inequalities_and_copulas/ipoint/bench/build/st/st.ipoint_full.c: In function ‘ipoint_orig_main’:
/home/atsushi/evaluation_pWCET_analysis_using_inequalities_and_copulas/ipoint/bench/build/st/st.ipoint_full.c:79:12: warning: control reaches end of non-void function [-Wreturn-type]
   79 | IPOINT(2); }
      |            ^
=== st: run
+ taskset -c 6 /home/atsushi/evaluation_pWCET_analysis_using_inequalities_and_copulas/ipoint/bench/build/st/timing/bench_st --out traces/st/timing --runs 10000000 --full-trace-runs 100000 --seed0 20260829 --core 6 --warmup 1000 --param 0.0 --entry-id 1 --exit-id 2 --max-id 32 --calib 1
st: 1000000/10000000 runs, 24.6 s elapsed
st: 2000000/10000000 runs, 49.2 s elapsed
st: 3000000/10000000 runs, 73.8 s elapsed
st: 4000000/10000000 runs, 98.4 s elapsed
st: 5000000/10000000 runs, 122.9 s elapsed
st: 6000000/10000000 runs, 147.5 s elapsed
st: 7000000/10000000 runs, 172.1 s elapsed
st: 8000000/10000000 runs, 196.6 s elapsed
st: 9000000/10000000 runs, 221.2 s elapsed
st: 10000000/10000000 runs, 245.8 s elapsed
st [timing]: 10000000 runs in 245.8 s; e2e ticks min/mean/max = 50018/50385.2/2091220; migrations=0 overflow=0
+ taskset -c 6 /home/atsushi/evaluation_pWCET_analysis_using_inequalities_and_copulas/ipoint/bench/build/st/off/bench_st --out traces/st/off --runs 100000 --full-trace-runs 0 --seed0 20260829 --core 6 --warmup 1000 --param 0.0 --entry-id 1 --exit-id 2 --max-id 32 --calib 1
st [off]: 100000 runs in 2.3 s; e2e ticks min/mean/max = 46244/46626.8/71044; migrations=0 overflow=0
+ taskset -c 6 /home/atsushi/evaluation_pWCET_analysis_using_inequalities_and_copulas/ipoint/bench/build/st/coverage/bench_st --out traces/st/coverage --runs 10000000 --full-trace-runs 0 --seed0 20260829 --core 6 --warmup 1000 --param 0.0 --entry-id 1 --exit-id 2 --max-id 32 --calib 1
st: 1000000/10000000 runs, 43.2 s elapsed
st: 2000000/10000000 runs, 86.4 s elapsed
st: 3000000/10000000 runs, 129.6 s elapsed
st: 4000000/10000000 runs, 172.8 s elapsed
st: 5000000/10000000 runs, 216.0 s elapsed
st: 6000000/10000000 runs, 259.2 s elapsed
st: 7000000/10000000 runs, 302.4 s elapsed
st: 8000000/10000000 runs, 345.6 s elapsed
st: 9000000/10000000 runs, 388.8 s elapsed
st: 10000000/10000000 runs, 432.1 s elapsed
st [coverage]: 10000000 runs in 432.1 s; e2e ticks min/mean/max = 88968/89377.3/2140734; migrations=0 overflow=0
=== st: parse
+ /usr/bin/python3 /home/atsushi/evaluation_pWCET_analysis_using_inequalities_and_copulas/ipoint/tools/ipoint_parse.py --schema /home/atsushi/evaluation_pWCET_analysis_using_inequalities_and_copulas/ipoint/bench/build/st/schema_timing.json --trace-dir traces/st/timing --out traces/st/parsed --min-unit-ns 300.0
parsed 10000/100000 runs
parsed 20000/100000 runs
parsed 30000/100000 runs
parsed 40000/100000 runs
parsed 50000/100000 runs
parsed 60000/100000 runs
parsed 70000/100000 runs
parsed 80000/100000 runs
parsed 90000/100000 runs
parsed 100000/100000 runs
parsed 100000 runs, 9 units; implicit closes: 0, unmatched exits: 0, suggested exclusions: []
+ /usr/bin/python3 /home/atsushi/evaluation_pWCET_analysis_using_inequalities_and_copulas/ipoint/tools/ipoint_check.py --schema /home/atsushi/evaluation_pWCET_analysis_using_inequalities_and_copulas/ipoint/bench/build/st/schema_timing.json --trace-dir traces/st/timing --parsed traces/st/parsed
st: 0 failures over 100000 runs, 9 units
+ /usr/bin/python3 /home/atsushi/evaluation_pWCET_analysis_using_inequalities_and_copulas/ipoint/tools/ipoint_overhead.py --off traces/st/off --timing traces/st/timing --coverage traces/st/coverage --out traces/st/overhead.json
+ /usr/bin/python3 /home/atsushi/evaluation_pWCET_analysis_using_inequalities_and_copulas/ipoint/tools/ipoint_coverage.py --schema /home/atsushi/evaluation_pWCET_analysis_using_inequalities_and_copulas/ipoint/bench/build/st/schema_full.json --dir traces/st/coverage --train 10000 --out traces/st/coverage.json
=== lms: instrument
+ /usr/bin/python3 /home/atsushi/evaluation_pWCET_analysis_using_inequalities_and_copulas/ipoint/tools/ipoint_instrument.py /home/atsushi/evaluation_pWCET_analysis_using_inequalities_and_copulas/benchmarks/malardalen/lms.c --entry main --out /home/atsushi/evaluation_pWCET_analysis_using_inequalities_and_copulas/ipoint/bench/build/lms/lms.ipoint_full.c --schema /home/atsushi/evaluation_pWCET_analysis_using_inequalities_and_copulas/ipoint/bench/build/lms/schema_full.json --bounds /home/atsushi/evaluation_pWCET_analysis_using_inequalities_and_copulas/ipoint/bench/bounds/lms.bounds.json --keep-main --all
clang: /home/atsushi/evaluation_pWCET_analysis_using_inequalities_and_copulas/benchmarks/malardalen/lms.c:82:14: warning: a function definition without a prototype is deprecated in all versions of C and is not supported in C23 [-Wdeprecated-non-prototype]
clang: /home/atsushi/evaluation_pWCET_analysis_using_inequalities_and_copulas/benchmarks/malardalen/lms.c:97:14: warning: a function definition without a prototype is deprecated in all versions of C and is not supported in C23 [-Wdeprecated-non-prototype]
clang: /home/atsushi/evaluation_pWCET_analysis_using_inequalities_and_copulas/benchmarks/malardalen/lms.c:128:14: warning: a function definition without a prototype is deprecated in all versions of C and is not supported in C23 [-Wdeprecated-non-prototype]
wrote /home/atsushi/evaluation_pWCET_analysis_using_inequalities_and_copulas/ipoint/bench/build/lms/lms.ipoint_full.c and /home/atsushi/evaluation_pWCET_analysis_using_inequalities_and_copulas/ipoint/bench/build/lms/schema_full.json (38 instrumented units, ids 1..74)
=== lms: pilot
+ /usr/bin/python3 /home/atsushi/evaluation_pWCET_analysis_using_inequalities_and_copulas/ipoint/tools/ipoint_instrument.py /home/atsushi/evaluation_pWCET_analysis_using_inequalities_and_copulas/benchmarks/malardalen/lms.c --entry main --out /home/atsushi/evaluation_pWCET_analysis_using_inequalities_and_copulas/ipoint/bench/build/lms/lms.ipoint.c --schema /home/atsushi/evaluation_pWCET_analysis_using_inequalities_and_copulas/ipoint/bench/build/lms/schema_timing.json --bounds /home/atsushi/evaluation_pWCET_analysis_using_inequalities_and_copulas/ipoint/bench/bounds/lms.bounds.json --keep-main --all
clang: /home/atsushi/evaluation_pWCET_analysis_using_inequalities_and_copulas/benchmarks/malardalen/lms.c:82:14: warning: a function definition without a prototype is deprecated in all versions of C and is not supported in C23 [-Wdeprecated-non-prototype]
clang: /home/atsushi/evaluation_pWCET_analysis_using_inequalities_and_copulas/benchmarks/malardalen/lms.c:97:14: warning: a function definition without a prototype is deprecated in all versions of C and is not supported in C23 [-Wdeprecated-non-prototype]
clang: /home/atsushi/evaluation_pWCET_analysis_using_inequalities_and_copulas/benchmarks/malardalen/lms.c:128:14: warning: a function definition without a prototype is deprecated in all versions of C and is not supported in C23 [-Wdeprecated-non-prototype]
wrote /home/atsushi/evaluation_pWCET_analysis_using_inequalities_and_copulas/ipoint/bench/build/lms/lms.ipoint.c and /home/atsushi/evaluation_pWCET_analysis_using_inequalities_and_copulas/ipoint/bench/build/lms/schema_timing.json (38 instrumented units, ids 1..74)
+ make -s BENCH=lms MODE=timing SRC=/home/atsushi/evaluation_pWCET_analysis_using_inequalities_and_copulas/ipoint/bench/build/lms/lms.ipoint.c KERNEL_DEFS=
/home/atsushi/evaluation_pWCET_analysis_using_inequalities_and_copulas/ipoint/bench/build/lms/lms.ipoint.c:60: warning: "RAND_MAX" redefined
   60 | #define RAND_MAX 32768
      | 
In file included from /home/atsushi/evaluation_pWCET_analysis_using_inequalities_and_copulas/ipoint/include/ipoint.h:53,
                 from /home/atsushi/evaluation_pWCET_analysis_using_inequalities_and_copulas/ipoint/bench/build/lms/lms.ipoint.c:1:
/usr/include/stdlib.h:87: note: this is the location of the previous definition
   87 | #define RAND_MAX        2147483647
      | 
+ taskset -c 6 /home/atsushi/evaluation_pWCET_analysis_using_inequalities_and_copulas/ipoint/bench/build/lms/timing/bench_lms --out traces/lms/pilot/round0 --runs 1000 --full-trace-runs 1000 --seed0 20260829 --core 6 --warmup 1000 --param 0.0 --entry-id 51 --exit-id 52 --max-id 74 --calib 1
lms [timing]: 1000 runs in 4.8 s; e2e ticks min/mean/max = 4014228/4032170.5/4052348; migrations=0 overflow=0
+ /usr/bin/python3 /home/atsushi/evaluation_pWCET_analysis_using_inequalities_and_copulas/ipoint/tools/ipoint_parse.py --schema /home/atsushi/evaluation_pWCET_analysis_using_inequalities_and_copulas/ipoint/bench/build/lms/schema_timing.json --trace-dir traces/lms/pilot/round0 --out traces/lms/pilot/round0/parsed --min-unit-ns 300.0
parsed 1000 runs, 36 units; implicit closes: 0, unmatched exits: 0, suggested exclusions: ['lms_fabs.if1.else', 'lms_fabs', 'lms_sqrt.if1.else.L1.body.if1.then', 'lms_sqrt.if1.else.L1.body', 'lms_fabs.if1.then', 'lms_sqrt.if1.else.L1.body.if1.then.if1.then', 'lms_sin.L2', 'lms_rand', 'gaussian.if1.then.L1', 'lms_log', 'lms_sin.L3.body', 'gaussian.if1.else', 'gaussian.if1.then.L1.body', 'lms_sin.L1.body', 'lms.L1.body', 'lms.L2.body', 'lms.L3.body']
+ /usr/bin/python3 /home/atsushi/evaluation_pWCET_analysis_using_inequalities_and_copulas/ipoint/tools/ipoint_instrument.py /home/atsushi/evaluation_pWCET_analysis_using_inequalities_and_copulas/benchmarks/malardalen/lms.c --entry main --out /home/atsushi/evaluation_pWCET_analysis_using_inequalities_and_copulas/ipoint/bench/build/lms/lms.ipoint.c --schema /home/atsushi/evaluation_pWCET_analysis_using_inequalities_and_copulas/ipoint/bench/build/lms/schema_timing.json --bounds /home/atsushi/evaluation_pWCET_analysis_using_inequalities_and_copulas/ipoint/bench/bounds/lms.bounds.json --keep-main --all --exclude-unit gaussian.if1.else --exclude-unit gaussian.if1.then.L1 --exclude-unit gaussian.if1.then.L1.body --exclude-unit lms.L1.body --exclude-unit lms.L2.body --exclude-unit lms.L3.body --exclude-unit lms_fabs --exclude-unit lms_fabs.if1.else --exclude-unit lms_fabs.if1.then --exclude-unit lms_log --exclude-unit lms_rand --exclude-unit lms_sin.L1.body --exclude-unit lms_sin.L2 --exclude-unit lms_sin.L3.body --exclude-unit lms_sqrt.if1.else.L1.body --exclude-unit lms_sqrt.if1.else.L1.body.if1.then --exclude-unit lms_sqrt.if1.else.L1.body.if1.then.if1.then
clang: /home/atsushi/evaluation_pWCET_analysis_using_inequalities_and_copulas/benchmarks/malardalen/lms.c:82:14: warning: a function definition without a prototype is deprecated in all versions of C and is not supported in C23 [-Wdeprecated-non-prototype]
clang: /home/atsushi/evaluation_pWCET_analysis_using_inequalities_and_copulas/benchmarks/malardalen/lms.c:97:14: warning: a function definition without a prototype is deprecated in all versions of C and is not supported in C23 [-Wdeprecated-non-prototype]
clang: /home/atsushi/evaluation_pWCET_analysis_using_inequalities_and_copulas/benchmarks/malardalen/lms.c:128:14: warning: a function definition without a prototype is deprecated in all versions of C and is not supported in C23 [-Wdeprecated-non-prototype]
wrote /home/atsushi/evaluation_pWCET_analysis_using_inequalities_and_copulas/ipoint/bench/build/lms/lms.ipoint.c and /home/atsushi/evaluation_pWCET_analysis_using_inequalities_and_copulas/ipoint/bench/build/lms/schema_timing.json (18 instrumented units, ids 1..74)
+ make -s BENCH=lms MODE=timing SRC=/home/atsushi/evaluation_pWCET_analysis_using_inequalities_and_copulas/ipoint/bench/build/lms/lms.ipoint.c KERNEL_DEFS=
/home/atsushi/evaluation_pWCET_analysis_using_inequalities_and_copulas/ipoint/bench/build/lms/lms.ipoint.c:60: warning: "RAND_MAX" redefined
   60 | #define RAND_MAX 32768
      | 
In file included from /home/atsushi/evaluation_pWCET_analysis_using_inequalities_and_copulas/ipoint/include/ipoint.h:53,
                 from /home/atsushi/evaluation_pWCET_analysis_using_inequalities_and_copulas/ipoint/bench/build/lms/lms.ipoint.c:1:
/usr/include/stdlib.h:87: note: this is the location of the previous definition
   87 | #define RAND_MAX        2147483647
      | 
+ taskset -c 6 /home/atsushi/evaluation_pWCET_analysis_using_inequalities_and_copulas/ipoint/bench/build/lms/timing/bench_lms --out traces/lms/pilot/round1 --runs 1000 --full-trace-runs 1000 --seed0 20260829 --core 6 --warmup 1000 --param 0.0 --entry-id 51 --exit-id 52 --max-id 74 --calib 1
lms [timing]: 1000 runs in 0.5 s; e2e ticks min/mean/max = 490002/493004.6/501912; migrations=0 overflow=0
+ /usr/bin/python3 /home/atsushi/evaluation_pWCET_analysis_using_inequalities_and_copulas/ipoint/tools/ipoint_parse.py --schema /home/atsushi/evaluation_pWCET_analysis_using_inequalities_and_copulas/ipoint/bench/build/lms/schema_timing.json --trace-dir traces/lms/pilot/round1 --out traces/lms/pilot/round1/parsed --min-unit-ns 300.0
parsed 1000 runs, 17 units; implicit closes: 0, unmatched exits: 0, suggested exclusions: ['lms_sin.L1', 'lms_sin.L3', 'lms.L1', 'lms.L2', 'lms.L3', 'lms']
+ /usr/bin/python3 /home/atsushi/evaluation_pWCET_analysis_using_inequalities_and_copulas/ipoint/tools/ipoint_instrument.py /home/atsushi/evaluation_pWCET_analysis_using_inequalities_and_copulas/benchmarks/malardalen/lms.c --entry main --out /home/atsushi/evaluation_pWCET_analysis_using_inequalities_and_copulas/ipoint/bench/build/lms/lms.ipoint.c --schema /home/atsushi/evaluation_pWCET_analysis_using_inequalities_and_copulas/ipoint/bench/build/lms/schema_timing.json --bounds /home/atsushi/evaluation_pWCET_analysis_using_inequalities_and_copulas/ipoint/bench/bounds/lms.bounds.json --keep-main --all --exclude-unit gaussian.if1.else --exclude-unit gaussian.if1.then.L1 --exclude-unit gaussian.if1.then.L1.body --exclude-unit lms --exclude-unit lms.L1 --exclude-unit lms.L1.body --exclude-unit lms.L2 --exclude-unit lms.L2.body --exclude-unit lms.L3 --exclude-unit lms.L3.body --exclude-unit lms_fabs --exclude-unit lms_fabs.if1.else --exclude-unit lms_fabs.if1.then --exclude-unit lms_log --exclude-unit lms_rand --exclude-unit lms_sin.L1 --exclude-unit lms_sin.L1.body --exclude-unit lms_sin.L2 --exclude-unit lms_sin.L3 --exclude-unit lms_sin.L3.body --exclude-unit lms_sqrt.if1.else.L1.body --exclude-unit lms_sqrt.if1.else.L1.body.if1.then --exclude-unit lms_sqrt.if1.else.L1.body.if1.then.if1.then
clang: /home/atsushi/evaluation_pWCET_analysis_using_inequalities_and_copulas/benchmarks/malardalen/lms.c:82:14: warning: a function definition without a prototype is deprecated in all versions of C and is not supported in C23 [-Wdeprecated-non-prototype]
clang: /home/atsushi/evaluation_pWCET_analysis_using_inequalities_and_copulas/benchmarks/malardalen/lms.c:97:14: warning: a function definition without a prototype is deprecated in all versions of C and is not supported in C23 [-Wdeprecated-non-prototype]
clang: /home/atsushi/evaluation_pWCET_analysis_using_inequalities_and_copulas/benchmarks/malardalen/lms.c:128:14: warning: a function definition without a prototype is deprecated in all versions of C and is not supported in C23 [-Wdeprecated-non-prototype]
wrote /home/atsushi/evaluation_pWCET_analysis_using_inequalities_and_copulas/ipoint/bench/build/lms/lms.ipoint.c and /home/atsushi/evaluation_pWCET_analysis_using_inequalities_and_copulas/ipoint/bench/build/lms/schema_timing.json (12 instrumented units, ids 1..74)
+ make -s BENCH=lms MODE=timing SRC=/home/atsushi/evaluation_pWCET_analysis_using_inequalities_and_copulas/ipoint/bench/build/lms/lms.ipoint.c KERNEL_DEFS=
/home/atsushi/evaluation_pWCET_analysis_using_inequalities_and_copulas/ipoint/bench/build/lms/lms.ipoint.c:60: warning: "RAND_MAX" redefined
   60 | #define RAND_MAX 32768
      | 
In file included from /home/atsushi/evaluation_pWCET_analysis_using_inequalities_and_copulas/ipoint/include/ipoint.h:53,
                 from /home/atsushi/evaluation_pWCET_analysis_using_inequalities_and_copulas/ipoint/bench/build/lms/lms.ipoint.c:1:
/usr/include/stdlib.h:87: note: this is the location of the previous definition
   87 | #define RAND_MAX        2147483647
      | 
+ taskset -c 6 /home/atsushi/evaluation_pWCET_analysis_using_inequalities_and_copulas/ipoint/bench/build/lms/timing/bench_lms --out traces/lms/pilot/round2 --runs 1000 --full-trace-runs 1000 --seed0 20260829 --core 6 --warmup 1000 --param 0.0 --entry-id 51 --exit-id 52 --max-id 74 --calib 1
lms [timing]: 1000 runs in 0.4 s; e2e ticks min/mean/max = 334458/337408.2/347968; migrations=0 overflow=0
+ /usr/bin/python3 /home/atsushi/evaluation_pWCET_analysis_using_inequalities_and_copulas/ipoint/tools/ipoint_parse.py --schema /home/atsushi/evaluation_pWCET_analysis_using_inequalities_and_copulas/ipoint/bench/build/lms/schema_timing.json --trace-dir traces/lms/pilot/round2 --out traces/lms/pilot/round2/parsed --min-unit-ns 300.0
parsed 1000 runs, 11 units; implicit closes: 0, unmatched exits: 0, suggested exclusions: ['lms_sin', 'main.L2.body']
+ /usr/bin/python3 /home/atsushi/evaluation_pWCET_analysis_using_inequalities_and_copulas/ipoint/tools/ipoint_instrument.py /home/atsushi/evaluation_pWCET_analysis_using_inequalities_and_copulas/benchmarks/malardalen/lms.c --entry main --out /home/atsushi/evaluation_pWCET_analysis_using_inequalities_and_copulas/ipoint/bench/build/lms/lms.ipoint.c --schema /home/atsushi/evaluation_pWCET_analysis_using_inequalities_and_copulas/ipoint/bench/build/lms/schema_timing.json --bounds /home/atsushi/evaluation_pWCET_analysis_using_inequalities_and_copulas/ipoint/bench/bounds/lms.bounds.json --keep-main --all --exclude-unit gaussian.if1.else --exclude-unit gaussian.if1.then.L1 --exclude-unit gaussian.if1.then.L1.body --exclude-unit lms --exclude-unit lms.L1 --exclude-unit lms.L1.body --exclude-unit lms.L2 --exclude-unit lms.L2.body --exclude-unit lms.L3 --exclude-unit lms.L3.body --exclude-unit lms_fabs --exclude-unit lms_fabs.if1.else --exclude-unit lms_fabs.if1.then --exclude-unit lms_log --exclude-unit lms_rand --exclude-unit lms_sin --exclude-unit lms_sin.L1 --exclude-unit lms_sin.L1.body --exclude-unit lms_sin.L2 --exclude-unit lms_sin.L3 --exclude-unit lms_sin.L3.body --exclude-unit lms_sqrt.if1.else.L1.body --exclude-unit lms_sqrt.if1.else.L1.body.if1.then --exclude-unit lms_sqrt.if1.else.L1.body.if1.then.if1.then --exclude-unit main.L2.body
clang: /home/atsushi/evaluation_pWCET_analysis_using_inequalities_and_copulas/benchmarks/malardalen/lms.c:82:14: warning: a function definition without a prototype is deprecated in all versions of C and is not supported in C23 [-Wdeprecated-non-prototype]
clang: /home/atsushi/evaluation_pWCET_analysis_using_inequalities_and_copulas/benchmarks/malardalen/lms.c:97:14: warning: a function definition without a prototype is deprecated in all versions of C and is not supported in C23 [-Wdeprecated-non-prototype]
clang: /home/atsushi/evaluation_pWCET_analysis_using_inequalities_and_copulas/benchmarks/malardalen/lms.c:128:14: warning: a function definition without a prototype is deprecated in all versions of C and is not supported in C23 [-Wdeprecated-non-prototype]
wrote /home/atsushi/evaluation_pWCET_analysis_using_inequalities_and_copulas/ipoint/bench/build/lms/lms.ipoint.c and /home/atsushi/evaluation_pWCET_analysis_using_inequalities_and_copulas/ipoint/bench/build/lms/schema_timing.json (10 instrumented units, ids 1..74)
+ make -s BENCH=lms MODE=timing SRC=/home/atsushi/evaluation_pWCET_analysis_using_inequalities_and_copulas/ipoint/bench/build/lms/lms.ipoint.c KERNEL_DEFS=
/home/atsushi/evaluation_pWCET_analysis_using_inequalities_and_copulas/ipoint/bench/build/lms/lms.ipoint.c:60: warning: "RAND_MAX" redefined
   60 | #define RAND_MAX 32768
      | 
In file included from /home/atsushi/evaluation_pWCET_analysis_using_inequalities_and_copulas/ipoint/include/ipoint.h:53,
                 from /home/atsushi/evaluation_pWCET_analysis_using_inequalities_and_copulas/ipoint/bench/build/lms/lms.ipoint.c:1:
/usr/include/stdlib.h:87: note: this is the location of the previous definition
   87 | #define RAND_MAX        2147483647
      | 
+ taskset -c 6 /home/atsushi/evaluation_pWCET_analysis_using_inequalities_and_copulas/ipoint/bench/build/lms/timing/bench_lms --out traces/lms/pilot/round3 --runs 1000 --full-trace-runs 1000 --seed0 20260829 --core 6 --warmup 1000 --param 0.0 --entry-id 51 --exit-id 52 --max-id 74 --calib 1
lms [timing]: 1000 runs in 0.3 s; e2e ticks min/mean/max = 279628/282700.1/292750; migrations=0 overflow=0
+ /usr/bin/python3 /home/atsushi/evaluation_pWCET_analysis_using_inequalities_and_copulas/ipoint/tools/ipoint_parse.py --schema /home/atsushi/evaluation_pWCET_analysis_using_inequalities_and_copulas/ipoint/bench/build/lms/schema_timing.json --trace-dir traces/lms/pilot/round3 --out traces/lms/pilot/round3/parsed --min-unit-ns 300.0
parsed 1000 runs, 9 units; implicit closes: 0, unmatched exits: 0, suggested exclusions: []
+ /usr/bin/python3 /home/atsushi/evaluation_pWCET_analysis_using_inequalities_and_copulas/ipoint/tools/ipoint_instrument.py /home/atsushi/evaluation_pWCET_analysis_using_inequalities_and_copulas/benchmarks/malardalen/lms.c --entry main --out /home/atsushi/evaluation_pWCET_analysis_using_inequalities_and_copulas/ipoint/bench/build/lms/lms.ipoint.c --schema /home/atsushi/evaluation_pWCET_analysis_using_inequalities_and_copulas/ipoint/bench/build/lms/schema_timing.json --bounds /home/atsushi/evaluation_pWCET_analysis_using_inequalities_and_copulas/ipoint/bench/bounds/lms.bounds.json --keep-main --all --exclude-unit gaussian --exclude-unit gaussian.if1.else --exclude-unit gaussian.if1.then.L1 --exclude-unit gaussian.if1.then.L1.body --exclude-unit lms --exclude-unit lms.L1 --exclude-unit lms.L1.body --exclude-unit lms.L2 --exclude-unit lms.L2.body --exclude-unit lms.L3 --exclude-unit lms.L3.body --exclude-unit lms_fabs --exclude-unit lms_fabs.if1.else --exclude-unit lms_fabs.if1.then --exclude-unit lms_log --exclude-unit lms_rand --exclude-unit lms_sin --exclude-unit lms_sin.L1 --exclude-unit lms_sin.L1.body --exclude-unit lms_sin.L2 --exclude-unit lms_sin.L3 --exclude-unit lms_sin.L3.body --exclude-unit lms_sqrt --exclude-unit lms_sqrt.if1.else --exclude-unit lms_sqrt.if1.else.L1 --exclude-unit lms_sqrt.if1.else.L1.body --exclude-unit lms_sqrt.if1.else.L1.body.if1.then --exclude-unit lms_sqrt.if1.else.L1.body.if1.then.if1.then --exclude-unit main.L1.body --exclude-unit main.L2.body
clang: /home/atsushi/evaluation_pWCET_analysis_using_inequalities_and_copulas/benchmarks/malardalen/lms.c:82:14: warning: a function definition without a prototype is deprecated in all versions of C and is not supported in C23 [-Wdeprecated-non-prototype]
clang: /home/atsushi/evaluation_pWCET_analysis_using_inequalities_and_copulas/benchmarks/malardalen/lms.c:97:14: warning: a function definition without a prototype is deprecated in all versions of C and is not supported in C23 [-Wdeprecated-non-prototype]
clang: /home/atsushi/evaluation_pWCET_analysis_using_inequalities_and_copulas/benchmarks/malardalen/lms.c:128:14: warning: a function definition without a prototype is deprecated in all versions of C and is not supported in C23 [-Wdeprecated-non-prototype]
wrote /home/atsushi/evaluation_pWCET_analysis_using_inequalities_and_copulas/ipoint/bench/build/lms/lms.ipoint.c and /home/atsushi/evaluation_pWCET_analysis_using_inequalities_and_copulas/ipoint/bench/build/lms/schema_timing.json (3 instrumented units, ids 1..74)
+ make -s BENCH=lms MODE=timing SRC=/home/atsushi/evaluation_pWCET_analysis_using_inequalities_and_copulas/ipoint/bench/build/lms/lms.ipoint.c KERNEL_DEFS=
/home/atsushi/evaluation_pWCET_analysis_using_inequalities_and_copulas/ipoint/bench/build/lms/lms.ipoint.c:60: warning: "RAND_MAX" redefined
   60 | #define RAND_MAX 32768
      | 
In file included from /home/atsushi/evaluation_pWCET_analysis_using_inequalities_and_copulas/ipoint/include/ipoint.h:53,
                 from /home/atsushi/evaluation_pWCET_analysis_using_inequalities_and_copulas/ipoint/bench/build/lms/lms.ipoint.c:1:
/usr/include/stdlib.h:87: note: this is the location of the previous definition
   87 | #define RAND_MAX        2147483647
      | 
+ taskset -c 6 /home/atsushi/evaluation_pWCET_analysis_using_inequalities_and_copulas/ipoint/bench/build/lms/timing/bench_lms --out traces/lms/pilot/round4 --runs 1000 --full-trace-runs 1000 --seed0 20260829 --core 6 --warmup 1000 --param 0.0 --entry-id 51 --exit-id 52 --max-id 74 --calib 1
lms [timing]: 1000 runs in 0.2 s; e2e ticks min/mean/max = 153606/157773.0/644170; migrations=0 overflow=0
+ /usr/bin/python3 /home/atsushi/evaluation_pWCET_analysis_using_inequalities_and_copulas/ipoint/tools/ipoint_parse.py --schema /home/atsushi/evaluation_pWCET_analysis_using_inequalities_and_copulas/ipoint/bench/build/lms/schema_timing.json --trace-dir traces/lms/pilot/round4 --out traces/lms/pilot/round4/parsed --min-unit-ns 300.0
parsed 1000 runs, 3 units; implicit closes: 0, unmatched exits: 0, suggested exclusions: []
+ /usr/bin/python3 /home/atsushi/evaluation_pWCET_analysis_using_inequalities_and_copulas/ipoint/tools/ipoint_instrument.py /home/atsushi/evaluation_pWCET_analysis_using_inequalities_and_copulas/benchmarks/malardalen/lms.c --entry main --out /home/atsushi/evaluation_pWCET_analysis_using_inequalities_and_copulas/ipoint/bench/build/lms/lms.ipoint.c --schema /home/atsushi/evaluation_pWCET_analysis_using_inequalities_and_copulas/ipoint/bench/build/lms/schema_timing.json --bounds /home/atsushi/evaluation_pWCET_analysis_using_inequalities_and_copulas/ipoint/bench/bounds/lms.bounds.json --keep-main --all --exclude-unit gaussian --exclude-unit gaussian.if1.else --exclude-unit gaussian.if1.then.L1 --exclude-unit gaussian.if1.then.L1.body --exclude-unit lms --exclude-unit lms.L1 --exclude-unit lms.L1.body --exclude-unit lms.L2 --exclude-unit lms.L2.body --exclude-unit lms.L3 --exclude-unit lms.L3.body --exclude-unit lms_fabs --exclude-unit lms_fabs.if1.else --exclude-unit lms_fabs.if1.then --exclude-unit lms_log --exclude-unit lms_rand --exclude-unit lms_sin --exclude-unit lms_sin.L1 --exclude-unit lms_sin.L1.body --exclude-unit lms_sin.L2 --exclude-unit lms_sin.L3 --exclude-unit lms_sin.L3.body --exclude-unit lms_sqrt --exclude-unit lms_sqrt.if1.else --exclude-unit lms_sqrt.if1.else.L1 --exclude-unit lms_sqrt.if1.else.L1.body --exclude-unit lms_sqrt.if1.else.L1.body.if1.then --exclude-unit lms_sqrt.if1.else.L1.body.if1.then.if1.then --exclude-unit main.L1.body --exclude-unit main.L2.body
clang: /home/atsushi/evaluation_pWCET_analysis_using_inequalities_and_copulas/benchmarks/malardalen/lms.c:82:14: warning: a function definition without a prototype is deprecated in all versions of C and is not supported in C23 [-Wdeprecated-non-prototype]
clang: /home/atsushi/evaluation_pWCET_analysis_using_inequalities_and_copulas/benchmarks/malardalen/lms.c:97:14: warning: a function definition without a prototype is deprecated in all versions of C and is not supported in C23 [-Wdeprecated-non-prototype]
clang: /home/atsushi/evaluation_pWCET_analysis_using_inequalities_and_copulas/benchmarks/malardalen/lms.c:128:14: warning: a function definition without a prototype is deprecated in all versions of C and is not supported in C23 [-Wdeprecated-non-prototype]
wrote /home/atsushi/evaluation_pWCET_analysis_using_inequalities_and_copulas/ipoint/bench/build/lms/lms.ipoint.c and /home/atsushi/evaluation_pWCET_analysis_using_inequalities_and_copulas/ipoint/bench/build/lms/schema_timing.json (3 instrumented units, ids 1..74)
=== lms: build
+ make -s BENCH=lms MODE=off SRC=/home/atsushi/evaluation_pWCET_analysis_using_inequalities_and_copulas/ipoint/bench/build/lms/lms.ipoint.c KERNEL_DEFS=
/home/atsushi/evaluation_pWCET_analysis_using_inequalities_and_copulas/ipoint/bench/build/lms/lms.ipoint.c:60: warning: "RAND_MAX" redefined
   60 | #define RAND_MAX 32768
      | 
In file included from /home/atsushi/evaluation_pWCET_analysis_using_inequalities_and_copulas/ipoint/include/ipoint.h:53,
                 from /home/atsushi/evaluation_pWCET_analysis_using_inequalities_and_copulas/ipoint/bench/build/lms/lms.ipoint.c:1:
/usr/include/stdlib.h:87: note: this is the location of the previous definition
   87 | #define RAND_MAX        2147483647
      | 
+ make -s BENCH=lms MODE=timing SRC=/home/atsushi/evaluation_pWCET_analysis_using_inequalities_and_copulas/ipoint/bench/build/lms/lms.ipoint.c KERNEL_DEFS=
/home/atsushi/evaluation_pWCET_analysis_using_inequalities_and_copulas/ipoint/bench/build/lms/lms.ipoint.c:60: warning: "RAND_MAX" redefined
   60 | #define RAND_MAX 32768
      | 
In file included from /home/atsushi/evaluation_pWCET_analysis_using_inequalities_and_copulas/ipoint/include/ipoint.h:53,
                 from /home/atsushi/evaluation_pWCET_analysis_using_inequalities_and_copulas/ipoint/bench/build/lms/lms.ipoint.c:1:
/usr/include/stdlib.h:87: note: this is the location of the previous definition
   87 | #define RAND_MAX        2147483647
      | 
+ make -s BENCH=lms MODE=coverage SRC=/home/atsushi/evaluation_pWCET_analysis_using_inequalities_and_copulas/ipoint/bench/build/lms/lms.ipoint_full.c KERNEL_DEFS=
/home/atsushi/evaluation_pWCET_analysis_using_inequalities_and_copulas/ipoint/bench/build/lms/lms.ipoint_full.c:60: warning: "RAND_MAX" redefined
   60 | #define RAND_MAX 32768
      | 
In file included from /home/atsushi/evaluation_pWCET_analysis_using_inequalities_and_copulas/ipoint/include/ipoint.h:53,
                 from /home/atsushi/evaluation_pWCET_analysis_using_inequalities_and_copulas/ipoint/bench/build/lms/lms.ipoint_full.c:1:
/usr/include/stdlib.h:87: note: this is the location of the previous definition
   87 | #define RAND_MAX        2147483647
      | 
=== lms: run
+ taskset -c 6 /home/atsushi/evaluation_pWCET_analysis_using_inequalities_and_copulas/ipoint/bench/build/lms/timing/bench_lms --out traces/lms/timing --runs 10000000 --full-trace-runs 100000 --seed0 20260829 --core 6 --warmup 1000 --param 0.0 --entry-id 51 --exit-id 52 --max-id 74 --calib 1
lms: 1000000/10000000 runs, 75.6 s elapsed
lms: 2000000/10000000 runs, 151.2 s elapsed
lms: 3000000/10000000 runs, 226.8 s elapsed
lms: 4000000/10000000 runs, 302.4 s elapsed
lms: 5000000/10000000 runs, 378.0 s elapsed
lms: 6000000/10000000 runs, 453.5 s elapsed
lms: 7000000/10000000 runs, 529.1 s elapsed
lms: 8000000/10000000 runs, 604.7 s elapsed
lms: 9000000/10000000 runs, 680.3 s elapsed
lms: 10000000/10000000 runs, 755.9 s elapsed
lms [timing]: 10000000 runs in 755.9 s; e2e ticks min/mean/max = 151692/156978.6/754720; migrations=0 overflow=0
+ taskset -c 6 /home/atsushi/evaluation_pWCET_analysis_using_inequalities_and_copulas/ipoint/bench/build/lms/off/bench_lms --out traces/lms/off --runs 100000 --full-trace-runs 0 --seed0 20260829 --core 6 --warmup 1000 --param 0.0 --entry-id 51 --exit-id 52 --max-id 74 --calib 1
lms [off]: 100000 runs in 7.4 s; e2e ticks min/mean/max = 147964/152090.6/640504; migrations=0 overflow=0
+ taskset -c 6 /home/atsushi/evaluation_pWCET_analysis_using_inequalities_and_copulas/ipoint/bench/build/lms/coverage/bench_lms --out traces/lms/coverage --runs 10000000 --full-trace-runs 0 --seed0 20260829 --core 6 --warmup 1000 --param 0.0 --entry-id 51 --exit-id 52 --max-id 74 --calib 1
lms: 1000000/10000000 runs, 111.1 s elapsed
lms: 2000000/10000000 runs, 222.1 s elapsed
lms: 3000000/10000000 runs, 333.1 s elapsed
lms: 4000000/10000000 runs, 444.1 s elapsed
lms: 5000000/10000000 runs, 555.1 s elapsed
lms: 6000000/10000000 runs, 666.1 s elapsed
lms: 7000000/10000000 runs, 777.1 s elapsed
lms: 8000000/10000000 runs, 888.1 s elapsed
lms: 9000000/10000000 runs, 999.1 s elapsed
lms: 10000000/10000000 runs, 1110.1 s elapsed
lms [coverage]: 10000000 runs in 1110.1 s; e2e ticks min/mean/max = 226604/231166.7/2310120; migrations=0 overflow=0
=== lms: parse
+ /usr/bin/python3 /home/atsushi/evaluation_pWCET_analysis_using_inequalities_and_copulas/ipoint/tools/ipoint_parse.py --schema /home/atsushi/evaluation_pWCET_analysis_using_inequalities_and_copulas/ipoint/bench/build/lms/schema_timing.json --trace-dir traces/lms/timing --out traces/lms/parsed --min-unit-ns 300.0
parsed 10000/100000 runs
parsed 20000/100000 runs
parsed 30000/100000 runs
parsed 40000/100000 runs
parsed 50000/100000 runs
parsed 60000/100000 runs
parsed 70000/100000 runs
parsed 80000/100000 runs
parsed 90000/100000 runs
parsed 100000/100000 runs
parsed 100000 runs, 3 units; implicit closes: 0, unmatched exits: 0, suggested exclusions: []
+ /usr/bin/python3 /home/atsushi/evaluation_pWCET_analysis_using_inequalities_and_copulas/ipoint/tools/ipoint_check.py --schema /home/atsushi/evaluation_pWCET_analysis_using_inequalities_and_copulas/ipoint/bench/build/lms/schema_timing.json --trace-dir traces/lms/timing --parsed traces/lms/parsed
lms: 0 failures over 100000 runs, 3 units
+ /usr/bin/python3 /home/atsushi/evaluation_pWCET_analysis_using_inequalities_and_copulas/ipoint/tools/ipoint_overhead.py --off traces/lms/off --timing traces/lms/timing --coverage traces/lms/coverage --out traces/lms/overhead.json
+ /usr/bin/python3 /home/atsushi/evaluation_pWCET_analysis_using_inequalities_and_copulas/ipoint/tools/ipoint_coverage.py --schema /home/atsushi/evaluation_pWCET_analysis_using_inequalities_and_copulas/ipoint/bench/build/lms/schema_full.json --dir traces/lms/coverage --train 10000 --out traces/lms/coverage.json
=== prime: instrument
+ /usr/bin/python3 /home/atsushi/evaluation_pWCET_analysis_using_inequalities_and_copulas/ipoint/tools/ipoint_instrument.py /home/atsushi/evaluation_pWCET_analysis_using_inequalities_and_copulas/benchmarks/malardalen/prime.c --entry prime --out /home/atsushi/evaluation_pWCET_analysis_using_inequalities_and_copulas/ipoint/bench/build/prime/prime.ipoint_full.c --schema /home/atsushi/evaluation_pWCET_analysis_using_inequalities_and_copulas/ipoint/bench/build/prime/schema_full.json --bounds /home/atsushi/evaluation_pWCET_analysis_using_inequalities_and_copulas/ipoint/bench/bounds/prime.bounds.json --all
wrote /home/atsushi/evaluation_pWCET_analysis_using_inequalities_and_copulas/ipoint/bench/build/prime/prime.ipoint_full.c and /home/atsushi/evaluation_pWCET_analysis_using_inequalities_and_copulas/ipoint/bench/build/prime/schema_full.json (10 instrumented units, ids 1..18)
=== prime: pilot
+ /usr/bin/python3 /home/atsushi/evaluation_pWCET_analysis_using_inequalities_and_copulas/ipoint/tools/ipoint_instrument.py /home/atsushi/evaluation_pWCET_analysis_using_inequalities_and_copulas/benchmarks/malardalen/prime.c --entry prime --out /home/atsushi/evaluation_pWCET_analysis_using_inequalities_and_copulas/ipoint/bench/build/prime/prime.ipoint.c --schema /home/atsushi/evaluation_pWCET_analysis_using_inequalities_and_copulas/ipoint/bench/build/prime/schema_timing.json --bounds /home/atsushi/evaluation_pWCET_analysis_using_inequalities_and_copulas/ipoint/bench/bounds/prime.bounds.json --all
wrote /home/atsushi/evaluation_pWCET_analysis_using_inequalities_and_copulas/ipoint/bench/build/prime/prime.ipoint.c and /home/atsushi/evaluation_pWCET_analysis_using_inequalities_and_copulas/ipoint/bench/build/prime/schema_timing.json (10 instrumented units, ids 1..18)
+ make -s BENCH=prime MODE=timing SRC=/home/atsushi/evaluation_pWCET_analysis_using_inequalities_and_copulas/ipoint/bench/build/prime/prime.ipoint.c KERNEL_DEFS=
+ taskset -c 6 /home/atsushi/evaluation_pWCET_analysis_using_inequalities_and_copulas/ipoint/bench/build/prime/timing/bench_prime --out traces/prime/pilot/round0 --runs 1000 --full-trace-runs 1000 --seed0 20260829 --core 6 --warmup 1000 --param 0.0 --entry-id 5 --exit-id 6 --max-id 18 --calib 1
prime [timing]: 1000 runs in 0.5 s; e2e ticks min/mean/max = 480/410156.3/11247384; migrations=0 overflow=0
+ /usr/bin/python3 /home/atsushi/evaluation_pWCET_analysis_using_inequalities_and_copulas/ipoint/tools/ipoint_parse.py --schema /home/atsushi/evaluation_pWCET_analysis_using_inequalities_and_copulas/ipoint/bench/build/prime/schema_timing.json --trace-dir traces/prime/pilot/round0 --out traces/prime/pilot/round0/parsed --min-unit-ns 300.0
parsed 1000 runs, 9 units; implicit closes: 0, unmatched exits: 0, suggested exclusions: ['divides', 'even', 'prime.L1.body.if1.then', 'prime.L1.body', 'prime.if1.then']
+ /usr/bin/python3 /home/atsushi/evaluation_pWCET_analysis_using_inequalities_and_copulas/ipoint/tools/ipoint_instrument.py /home/atsushi/evaluation_pWCET_analysis_using_inequalities_and_copulas/benchmarks/malardalen/prime.c --entry prime --out /home/atsushi/evaluation_pWCET_analysis_using_inequalities_and_copulas/ipoint/bench/build/prime/prime.ipoint.c --schema /home/atsushi/evaluation_pWCET_analysis_using_inequalities_and_copulas/ipoint/bench/build/prime/schema_timing.json --bounds /home/atsushi/evaluation_pWCET_analysis_using_inequalities_and_copulas/ipoint/bench/bounds/prime.bounds.json --all --exclude-unit divides --exclude-unit even --exclude-unit prime.L1.body --exclude-unit prime.L1.body.if1.then --exclude-unit prime.if1.then
wrote /home/atsushi/evaluation_pWCET_analysis_using_inequalities_and_copulas/ipoint/bench/build/prime/prime.ipoint.c and /home/atsushi/evaluation_pWCET_analysis_using_inequalities_and_copulas/ipoint/bench/build/prime/schema_timing.json (4 instrumented units, ids 1..18)
+ make -s BENCH=prime MODE=timing SRC=/home/atsushi/evaluation_pWCET_analysis_using_inequalities_and_copulas/ipoint/bench/build/prime/prime.ipoint.c KERNEL_DEFS=
+ taskset -c 6 /home/atsushi/evaluation_pWCET_analysis_using_inequalities_and_copulas/ipoint/bench/build/prime/timing/bench_prime --out traces/prime/pilot/round1 --runs 1000 --full-trace-runs 1000 --seed0 20260829 --core 6 --warmup 1000 --param 0.0 --entry-id 5 --exit-id 6 --max-id 18 --calib 1
prime [timing]: 1000 runs in 0.0 s; e2e ticks min/mean/max = 66/9669.0/260754; migrations=0 overflow=0
+ /usr/bin/python3 /home/atsushi/evaluation_pWCET_analysis_using_inequalities_and_copulas/ipoint/tools/ipoint_parse.py --schema /home/atsushi/evaluation_pWCET_analysis_using_inequalities_and_copulas/ipoint/bench/build/prime/schema_timing.json --trace-dir traces/prime/pilot/round1 --out traces/prime/pilot/round1/parsed --min-unit-ns 300.0
parsed 1000 runs, 3 units; implicit closes: 0, unmatched exits: 0, suggested exclusions: ['prime.L1']
+ /usr/bin/python3 /home/atsushi/evaluation_pWCET_analysis_using_inequalities_and_copulas/ipoint/tools/ipoint_instrument.py /home/atsushi/evaluation_pWCET_analysis_using_inequalities_and_copulas/benchmarks/malardalen/prime.c --entry prime --out /home/atsushi/evaluation_pWCET_analysis_using_inequalities_and_copulas/ipoint/bench/build/prime/prime.ipoint.c --schema /home/atsushi/evaluation_pWCET_analysis_using_inequalities_and_copulas/ipoint/bench/build/prime/schema_timing.json --bounds /home/atsushi/evaluation_pWCET_analysis_using_inequalities_and_copulas/ipoint/bench/bounds/prime.bounds.json --all --exclude-unit divides --exclude-unit even --exclude-unit prime.L1 --exclude-unit prime.L1.body --exclude-unit prime.L1.body.if1.then --exclude-unit prime.if1.then
wrote /home/atsushi/evaluation_pWCET_analysis_using_inequalities_and_copulas/ipoint/bench/build/prime/prime.ipoint.c and /home/atsushi/evaluation_pWCET_analysis_using_inequalities_and_copulas/ipoint/bench/build/prime/schema_timing.json (3 instrumented units, ids 1..18)
+ make -s BENCH=prime MODE=timing SRC=/home/atsushi/evaluation_pWCET_analysis_using_inequalities_and_copulas/ipoint/bench/build/prime/prime.ipoint.c KERNEL_DEFS=
+ taskset -c 6 /home/atsushi/evaluation_pWCET_analysis_using_inequalities_and_copulas/ipoint/bench/build/prime/timing/bench_prime --out traces/prime/pilot/round2 --runs 1000 --full-trace-runs 1000 --seed0 20260829 --core 6 --warmup 1000 --param 0.0 --entry-id 5 --exit-id 6 --max-id 18 --calib 1
prime [timing]: 1000 runs in 0.0 s; e2e ticks min/mean/max = 66/9601.0/260624; migrations=0 overflow=0
+ /usr/bin/python3 /home/atsushi/evaluation_pWCET_analysis_using_inequalities_and_copulas/ipoint/tools/ipoint_parse.py --schema /home/atsushi/evaluation_pWCET_analysis_using_inequalities_and_copulas/ipoint/bench/build/prime/schema_timing.json --trace-dir traces/prime/pilot/round2 --out traces/prime/pilot/round2/parsed --min-unit-ns 300.0
parsed 1000 runs, 2 units; implicit closes: 0, unmatched exits: 0, suggested exclusions: []
+ /usr/bin/python3 /home/atsushi/evaluation_pWCET_analysis_using_inequalities_and_copulas/ipoint/tools/ipoint_instrument.py /home/atsushi/evaluation_pWCET_analysis_using_inequalities_and_copulas/benchmarks/malardalen/prime.c --entry prime --out /home/atsushi/evaluation_pWCET_analysis_using_inequalities_and_copulas/ipoint/bench/build/prime/prime.ipoint.c --schema /home/atsushi/evaluation_pWCET_analysis_using_inequalities_and_copulas/ipoint/bench/build/prime/schema_timing.json --bounds /home/atsushi/evaluation_pWCET_analysis_using_inequalities_and_copulas/ipoint/bench/bounds/prime.bounds.json --all --exclude-unit divides --exclude-unit even --exclude-unit prime.L1 --exclude-unit prime.L1.body --exclude-unit prime.L1.body.if1.then --exclude-unit prime.if1.else --exclude-unit prime.if1.then --exclude-unit swap
wrote /home/atsushi/evaluation_pWCET_analysis_using_inequalities_and_copulas/ipoint/bench/build/prime/prime.ipoint.c and /home/atsushi/evaluation_pWCET_analysis_using_inequalities_and_copulas/ipoint/bench/build/prime/schema_timing.json (1 instrumented units, ids 1..18)
+ make -s BENCH=prime MODE=timing SRC=/home/atsushi/evaluation_pWCET_analysis_using_inequalities_and_copulas/ipoint/bench/build/prime/prime.ipoint.c KERNEL_DEFS=
+ taskset -c 6 /home/atsushi/evaluation_pWCET_analysis_using_inequalities_and_copulas/ipoint/bench/build/prime/timing/bench_prime --out traces/prime/pilot/round3 --runs 1000 --full-trace-runs 1000 --seed0 20260829 --core 6 --warmup 1000 --param 0.0 --entry-id 5 --exit-id 6 --max-id 18 --calib 1
prime [timing]: 1000 runs in 0.0 s; e2e ticks min/mean/max = 66/9576.0/260580; migrations=0 overflow=0
+ /usr/bin/python3 /home/atsushi/evaluation_pWCET_analysis_using_inequalities_and_copulas/ipoint/tools/ipoint_parse.py --schema /home/atsushi/evaluation_pWCET_analysis_using_inequalities_and_copulas/ipoint/bench/build/prime/schema_timing.json --trace-dir traces/prime/pilot/round3 --out traces/prime/pilot/round3/parsed --min-unit-ns 300.0
parsed 1000 runs, 1 units; implicit closes: 0, unmatched exits: 0, suggested exclusions: []
+ /usr/bin/python3 /home/atsushi/evaluation_pWCET_analysis_using_inequalities_and_copulas/ipoint/tools/ipoint_instrument.py /home/atsushi/evaluation_pWCET_analysis_using_inequalities_and_copulas/benchmarks/malardalen/prime.c --entry prime --out /home/atsushi/evaluation_pWCET_analysis_using_inequalities_and_copulas/ipoint/bench/build/prime/prime.ipoint.c --schema /home/atsushi/evaluation_pWCET_analysis_using_inequalities_and_copulas/ipoint/bench/build/prime/schema_timing.json --bounds /home/atsushi/evaluation_pWCET_analysis_using_inequalities_and_copulas/ipoint/bench/bounds/prime.bounds.json --all --exclude-unit divides --exclude-unit even --exclude-unit prime.L1 --exclude-unit prime.L1.body --exclude-unit prime.L1.body.if1.then --exclude-unit prime.if1.else --exclude-unit prime.if1.then --exclude-unit swap
wrote /home/atsushi/evaluation_pWCET_analysis_using_inequalities_and_copulas/ipoint/bench/build/prime/prime.ipoint.c and /home/atsushi/evaluation_pWCET_analysis_using_inequalities_and_copulas/ipoint/bench/build/prime/schema_timing.json (1 instrumented units, ids 1..18)
=== prime: build
+ make -s BENCH=prime MODE=off SRC=/home/atsushi/evaluation_pWCET_analysis_using_inequalities_and_copulas/ipoint/bench/build/prime/prime.ipoint.c KERNEL_DEFS=
+ make -s BENCH=prime MODE=timing SRC=/home/atsushi/evaluation_pWCET_analysis_using_inequalities_and_copulas/ipoint/bench/build/prime/prime.ipoint.c KERNEL_DEFS=
+ make -s BENCH=prime MODE=coverage SRC=/home/atsushi/evaluation_pWCET_analysis_using_inequalities_and_copulas/ipoint/bench/build/prime/prime.ipoint_full.c KERNEL_DEFS=
=== prime: run
+ taskset -c 6 /home/atsushi/evaluation_pWCET_analysis_using_inequalities_and_copulas/ipoint/bench/build/prime/timing/bench_prime --out traces/prime/timing --runs 10000000 --full-trace-runs 100000 --seed0 20260829 --core 6 --warmup 1000 --param 0.0 --entry-id 5 --exit-id 6 --max-id 18 --calib 1
prime: 1000000/10000000 runs, 5.1 s elapsed
prime: 2000000/10000000 runs, 10.1 s elapsed
prime: 3000000/10000000 runs, 15.2 s elapsed
prime: 4000000/10000000 runs, 20.2 s elapsed
prime: 5000000/10000000 runs, 25.3 s elapsed
prime: 6000000/10000000 runs, 30.4 s elapsed
prime: 7000000/10000000 runs, 35.4 s elapsed
prime: 8000000/10000000 runs, 40.5 s elapsed
prime: 9000000/10000000 runs, 45.6 s elapsed
prime: 10000000/10000000 runs, 50.6 s elapsed
prime [timing]: 10000000 runs in 50.6 s; e2e ticks min/mean/max = 64/9817.4/835950; migrations=0 overflow=0
+ taskset -c 6 /home/atsushi/evaluation_pWCET_analysis_using_inequalities_and_copulas/ipoint/bench/build/prime/off/bench_prime --out traces/prime/off --runs 100000 --full-trace-runs 0 --seed0 20260829 --core 6 --warmup 1000 --param 0.0 --entry-id 5 --exit-id 6 --max-id 18 --calib 1
prime [off]: 100000 runs in 0.5 s; e2e ticks min/mean/max = 58/9981.8/265158; migrations=0 overflow=0
+ taskset -c 6 /home/atsushi/evaluation_pWCET_analysis_using_inequalities_and_copulas/ipoint/bench/build/prime/coverage/bench_prime --out traces/prime/coverage --runs 10000000 --full-trace-runs 0 --seed0 20260829 --core 6 --warmup 1000 --param 0.0 --entry-id 5 --exit-id 6 --max-id 18 --calib 1
prime: 1000000/10000000 runs, 11.5 s elapsed
prime: 2000000/10000000 runs, 23.0 s elapsed
prime: 3000000/10000000 runs, 34.5 s elapsed
prime: 4000000/10000000 runs, 46.0 s elapsed
prime: 5000000/10000000 runs, 57.5 s elapsed
prime: 6000000/10000000 runs, 69.1 s elapsed
prime: 7000000/10000000 runs, 80.5 s elapsed
prime: 8000000/10000000 runs, 92.0 s elapsed
prime: 9000000/10000000 runs, 103.5 s elapsed
prime: 10000000/10000000 runs, 115.1 s elapsed
prime [coverage]: 10000000 runs in 115.1 s; e2e ticks min/mean/max = 76/23232.9/1973022; migrations=0 overflow=0
=== prime: parse
+ /usr/bin/python3 /home/atsushi/evaluation_pWCET_analysis_using_inequalities_and_copulas/ipoint/tools/ipoint_parse.py --schema /home/atsushi/evaluation_pWCET_analysis_using_inequalities_and_copulas/ipoint/bench/build/prime/schema_timing.json --trace-dir traces/prime/timing --out traces/prime/parsed --min-unit-ns 300.0
parsed 10000/100000 runs
parsed 20000/100000 runs
parsed 30000/100000 runs
parsed 40000/100000 runs
parsed 50000/100000 runs
parsed 60000/100000 runs
parsed 70000/100000 runs
parsed 80000/100000 runs
parsed 90000/100000 runs
parsed 100000/100000 runs
parsed 100000 runs, 1 units; implicit closes: 0, unmatched exits: 0, suggested exclusions: []
+ /usr/bin/python3 /home/atsushi/evaluation_pWCET_analysis_using_inequalities_and_copulas/ipoint/tools/ipoint_check.py --schema /home/atsushi/evaluation_pWCET_analysis_using_inequalities_and_copulas/ipoint/bench/build/prime/schema_timing.json --trace-dir traces/prime/timing --parsed traces/prime/parsed
prime: 0 failures over 100000 runs, 1 units
+ /usr/bin/python3 /home/atsushi/evaluation_pWCET_analysis_using_inequalities_and_copulas/ipoint/tools/ipoint_overhead.py --off traces/prime/off --timing traces/prime/timing --coverage traces/prime/coverage --out traces/prime/overhead.json
+ /usr/bin/python3 /home/atsushi/evaluation_pWCET_analysis_using_inequalities_and_copulas/ipoint/tools/ipoint_coverage.py --schema /home/atsushi/evaluation_pWCET_analysis_using_inequalities_and_copulas/ipoint/bench/build/prime/schema_full.json --dir traces/prime/coverage --train 10000 --out traces/prime/coverage.json
=== cnt: instrument
+ /usr/bin/python3 /home/atsushi/evaluation_pWCET_analysis_using_inequalities_and_copulas/ipoint/tools/ipoint_instrument.py /home/atsushi/evaluation_pWCET_analysis_using_inequalities_and_copulas/ipoint/bench/build/cnt/cnt.c --entry Sum --out /home/atsushi/evaluation_pWCET_analysis_using_inequalities_and_copulas/ipoint/bench/build/cnt/cnt.ipoint_full.c --schema /home/atsushi/evaluation_pWCET_analysis_using_inequalities_and_copulas/ipoint/bench/build/cnt/schema_full.json --all
wrote /home/atsushi/evaluation_pWCET_analysis_using_inequalities_and_copulas/ipoint/bench/build/cnt/cnt.ipoint_full.c and /home/atsushi/evaluation_pWCET_analysis_using_inequalities_and_copulas/ipoint/bench/build/cnt/schema_full.json (15 instrumented units, ids 1..30)
=== cnt: pilot
+ /usr/bin/python3 /home/atsushi/evaluation_pWCET_analysis_using_inequalities_and_copulas/ipoint/tools/ipoint_instrument.py /home/atsushi/evaluation_pWCET_analysis_using_inequalities_and_copulas/ipoint/bench/build/cnt/cnt.c --entry Sum --out /home/atsushi/evaluation_pWCET_analysis_using_inequalities_and_copulas/ipoint/bench/build/cnt/cnt.ipoint.c --schema /home/atsushi/evaluation_pWCET_analysis_using_inequalities_and_copulas/ipoint/bench/build/cnt/schema_timing.json --all
wrote /home/atsushi/evaluation_pWCET_analysis_using_inequalities_and_copulas/ipoint/bench/build/cnt/cnt.ipoint.c and /home/atsushi/evaluation_pWCET_analysis_using_inequalities_and_copulas/ipoint/bench/build/cnt/schema_timing.json (15 instrumented units, ids 1..30)
+ make -s BENCH=cnt MODE=timing SRC=/home/atsushi/evaluation_pWCET_analysis_using_inequalities_and_copulas/ipoint/bench/build/cnt/cnt.ipoint.c KERNEL_DEFS=
/home/atsushi/evaluation_pWCET_analysis_using_inequalities_and_copulas/ipoint/bench/build/cnt/cnt.ipoint.c: In function ‘Test’:
/home/atsushi/evaluation_pWCET_analysis_using_inequalities_and_copulas/ipoint/bench/build/cnt/cnt.ipoint.c:43:10: warning: variable ‘TotalTime’ set but not used [-Wunused-but-set-variable]
   43 |    float TotalTime;
      |          ^~~~~~~~~
+ taskset -c 6 /home/atsushi/evaluation_pWCET_analysis_using_inequalities_and_copulas/ipoint/bench/build/cnt/timing/bench_cnt --out traces/cnt/pilot/round0 --runs 1000 --full-trace-runs 1000 --seed0 20260829 --core 6 --warmup 1000 --param 0.0 --entry-id 15 --exit-id 16 --max-id 30 --calib 1
cnt [timing]: 1000 runs in 3.3 s; e2e ticks min/mean/max = 2752588/2758581.9/2780586; migrations=0 overflow=0
+ /usr/bin/python3 /home/atsushi/evaluation_pWCET_analysis_using_inequalities_and_copulas/ipoint/tools/ipoint_parse.py --schema /home/atsushi/evaluation_pWCET_analysis_using_inequalities_and_copulas/ipoint/bench/build/cnt/schema_timing.json --trace-dir traces/cnt/pilot/round0 --out traces/cnt/pilot/round0/parsed --min-unit-ns 300.0
parsed 1000 runs, 7 units; implicit closes: 0, unmatched exits: 0, suggested exclusions: ['Sum.L1.body.L1.body.if1.then', 'Sum.L1.body.L1.body', 'Sum.L1.body.L1.body.if1.else']
+ /usr/bin/python3 /home/atsushi/evaluation_pWCET_analysis_using_inequalities_and_copulas/ipoint/tools/ipoint_instrument.py /home/atsushi/evaluation_pWCET_analysis_using_inequalities_and_copulas/ipoint/bench/build/cnt/cnt.c --entry Sum --out /home/atsushi/evaluation_pWCET_analysis_using_inequalities_and_copulas/ipoint/bench/build/cnt/cnt.ipoint.c --schema /home/atsushi/evaluation_pWCET_analysis_using_inequalities_and_copulas/ipoint/bench/build/cnt/schema_timing.json --all --exclude-unit Sum.L1.body.L1.body --exclude-unit Sum.L1.body.L1.body.if1.else --exclude-unit Sum.L1.body.L1.body.if1.then
wrote /home/atsushi/evaluation_pWCET_analysis_using_inequalities_and_copulas/ipoint/bench/build/cnt/cnt.ipoint.c and /home/atsushi/evaluation_pWCET_analysis_using_inequalities_and_copulas/ipoint/bench/build/cnt/schema_timing.json (12 instrumented units, ids 1..30)
+ make -s BENCH=cnt MODE=timing SRC=/home/atsushi/evaluation_pWCET_analysis_using_inequalities_and_copulas/ipoint/bench/build/cnt/cnt.ipoint.c KERNEL_DEFS=
/home/atsushi/evaluation_pWCET_analysis_using_inequalities_and_copulas/ipoint/bench/build/cnt/cnt.ipoint.c: In function ‘Test’:
/home/atsushi/evaluation_pWCET_analysis_using_inequalities_and_copulas/ipoint/bench/build/cnt/cnt.ipoint.c:43:10: warning: variable ‘TotalTime’ set but not used [-Wunused-but-set-variable]
   43 |    float TotalTime;
      |          ^~~~~~~~~
+ taskset -c 6 /home/atsushi/evaluation_pWCET_analysis_using_inequalities_and_copulas/ipoint/bench/build/cnt/timing/bench_cnt --out traces/cnt/pilot/round1 --runs 1000 --full-trace-runs 1000 --seed0 20260829 --core 6 --warmup 1000 --param 0.0 --entry-id 15 --exit-id 16 --max-id 30 --calib 1
cnt [timing]: 1000 runs in 0.2 s; e2e ticks min/mean/max = 153900/157607.7/165582; migrations=0 overflow=0
+ /usr/bin/python3 /home/atsushi/evaluation_pWCET_analysis_using_inequalities_and_copulas/ipoint/tools/ipoint_parse.py --schema /home/atsushi/evaluation_pWCET_analysis_using_inequalities_and_copulas/ipoint/bench/build/cnt/schema_timing.json --trace-dir traces/cnt/pilot/round1 --out traces/cnt/pilot/round1/parsed --min-unit-ns 300.0
parsed 1000 runs, 4 units; implicit closes: 0, unmatched exits: 0, suggested exclusions: []
+ /usr/bin/python3 /home/atsushi/evaluation_pWCET_analysis_using_inequalities_and_copulas/ipoint/tools/ipoint_instrument.py /home/atsushi/evaluation_pWCET_analysis_using_inequalities_and_copulas/ipoint/bench/build/cnt/cnt.c --entry Sum --out /home/atsushi/evaluation_pWCET_analysis_using_inequalities_and_copulas/ipoint/bench/build/cnt/cnt.ipoint.c --schema /home/atsushi/evaluation_pWCET_analysis_using_inequalities_and_copulas/ipoint/bench/build/cnt/schema_timing.json --all --exclude-unit Sum.L1.body --exclude-unit Sum.L1.body.L1 --exclude-unit Sum.L1.body.L1.body --exclude-unit Sum.L1.body.L1.body.if1.else --exclude-unit Sum.L1.body.L1.body.if1.then
wrote /home/atsushi/evaluation_pWCET_analysis_using_inequalities_and_copulas/ipoint/bench/build/cnt/cnt.ipoint.c and /home/atsushi/evaluation_pWCET_analysis_using_inequalities_and_copulas/ipoint/bench/build/cnt/schema_timing.json (10 instrumented units, ids 1..30)
+ make -s BENCH=cnt MODE=timing SRC=/home/atsushi/evaluation_pWCET_analysis_using_inequalities_and_copulas/ipoint/bench/build/cnt/cnt.ipoint.c KERNEL_DEFS=
/home/atsushi/evaluation_pWCET_analysis_using_inequalities_and_copulas/ipoint/bench/build/cnt/cnt.ipoint.c: In function ‘Test’:
/home/atsushi/evaluation_pWCET_analysis_using_inequalities_and_copulas/ipoint/bench/build/cnt/cnt.ipoint.c:43:10: warning: variable ‘TotalTime’ set but not used [-Wunused-but-set-variable]
   43 |    float TotalTime;
      |          ^~~~~~~~~
+ taskset -c 6 /home/atsushi/evaluation_pWCET_analysis_using_inequalities_and_copulas/ipoint/bench/build/cnt/timing/bench_cnt --out traces/cnt/pilot/round2 --runs 1000 --full-trace-runs 1000 --seed0 20260829 --core 6 --warmup 1000 --param 0.0 --entry-id 15 --exit-id 16 --max-id 30 --calib 1
cnt [timing]: 1000 runs in 0.2 s; e2e ticks min/mean/max = 128316/132402.6/139680; migrations=0 overflow=0
+ /usr/bin/python3 /home/atsushi/evaluation_pWCET_analysis_using_inequalities_and_copulas/ipoint/tools/ipoint_parse.py --schema /home/atsushi/evaluation_pWCET_analysis_using_inequalities_and_copulas/ipoint/bench/build/cnt/schema_timing.json --trace-dir traces/cnt/pilot/round2 --out traces/cnt/pilot/round2/parsed --min-unit-ns 300.0
parsed 1000 runs, 2 units; implicit closes: 0, unmatched exits: 0, suggested exclusions: []
+ /usr/bin/python3 /home/atsushi/evaluation_pWCET_analysis_using_inequalities_and_copulas/ipoint/tools/ipoint_instrument.py /home/atsushi/evaluation_pWCET_analysis_using_inequalities_and_copulas/ipoint/bench/build/cnt/cnt.c --entry Sum --out /home/atsushi/evaluation_pWCET_analysis_using_inequalities_and_copulas/ipoint/bench/build/cnt/cnt.ipoint.c --schema /home/atsushi/evaluation_pWCET_analysis_using_inequalities_and_copulas/ipoint/bench/build/cnt/schema_timing.json --all --exclude-unit Sum.L1.body --exclude-unit Sum.L1.body.L1 --exclude-unit Sum.L1.body.L1.body --exclude-unit Sum.L1.body.L1.body.if1.else --exclude-unit Sum.L1.body.L1.body.if1.then
wrote /home/atsushi/evaluation_pWCET_analysis_using_inequalities_and_copulas/ipoint/bench/build/cnt/cnt.ipoint.c and /home/atsushi/evaluation_pWCET_analysis_using_inequalities_and_copulas/ipoint/bench/build/cnt/schema_timing.json (10 instrumented units, ids 1..30)
=== cnt: build
+ make -s BENCH=cnt MODE=off SRC=/home/atsushi/evaluation_pWCET_analysis_using_inequalities_and_copulas/ipoint/bench/build/cnt/cnt.ipoint.c KERNEL_DEFS=
/home/atsushi/evaluation_pWCET_analysis_using_inequalities_and_copulas/ipoint/bench/build/cnt/cnt.ipoint.c: In function ‘Test’:
/home/atsushi/evaluation_pWCET_analysis_using_inequalities_and_copulas/ipoint/bench/build/cnt/cnt.ipoint.c:43:10: warning: variable ‘TotalTime’ set but not used [-Wunused-but-set-variable]
   43 |    float TotalTime;
      |          ^~~~~~~~~
+ make -s BENCH=cnt MODE=timing SRC=/home/atsushi/evaluation_pWCET_analysis_using_inequalities_and_copulas/ipoint/bench/build/cnt/cnt.ipoint.c KERNEL_DEFS=
/home/atsushi/evaluation_pWCET_analysis_using_inequalities_and_copulas/ipoint/bench/build/cnt/cnt.ipoint.c: In function ‘Test’:
/home/atsushi/evaluation_pWCET_analysis_using_inequalities_and_copulas/ipoint/bench/build/cnt/cnt.ipoint.c:43:10: warning: variable ‘TotalTime’ set but not used [-Wunused-but-set-variable]
   43 |    float TotalTime;
      |          ^~~~~~~~~
+ make -s BENCH=cnt MODE=coverage SRC=/home/atsushi/evaluation_pWCET_analysis_using_inequalities_and_copulas/ipoint/bench/build/cnt/cnt.ipoint_full.c KERNEL_DEFS=
/home/atsushi/evaluation_pWCET_analysis_using_inequalities_and_copulas/ipoint/bench/build/cnt/cnt.ipoint_full.c: In function ‘Test’:
/home/atsushi/evaluation_pWCET_analysis_using_inequalities_and_copulas/ipoint/bench/build/cnt/cnt.ipoint_full.c:43:10: warning: variable ‘TotalTime’ set but not used [-Wunused-but-set-variable]
   43 |    float TotalTime;
      |          ^~~~~~~~~
=== cnt: run
+ taskset -c 6 /home/atsushi/evaluation_pWCET_analysis_using_inequalities_and_copulas/ipoint/bench/build/cnt/timing/bench_cnt --out traces/cnt/timing --runs 10000000 --full-trace-runs 100000 --seed0 20260829 --core 6 --warmup 1000 --param 0.0 --entry-id 15 --exit-id 16 --max-id 30 --calib 1
cnt: 1000000/10000000 runs, 87.5 s elapsed
cnt: 2000000/10000000 runs, 175.0 s elapsed
cnt: 3000000/10000000 runs, 262.4 s elapsed
cnt: 4000000/10000000 runs, 349.9 s elapsed
cnt: 5000000/10000000 runs, 437.3 s elapsed
cnt: 6000000/10000000 runs, 524.7 s elapsed
cnt: 7000000/10000000 runs, 612.2 s elapsed
cnt: 8000000/10000000 runs, 699.6 s elapsed
cnt: 9000000/10000000 runs, 787.0 s elapsed
cnt: 10000000/10000000 runs, 874.4 s elapsed
cnt [timing]: 10000000 runs in 874.4 s; e2e ticks min/mean/max = 126426/132429.0/701942; migrations=0 overflow=0
+ taskset -c 6 /home/atsushi/evaluation_pWCET_analysis_using_inequalities_and_copulas/ipoint/bench/build/cnt/off/bench_cnt --out traces/cnt/off --runs 100000 --full-trace-runs 0 --seed0 20260829 --core 6 --warmup 1000 --param 0.0 --entry-id 15 --exit-id 16 --max-id 30 --calib 1
cnt [off]: 100000 runs in 8.8 s; e2e ticks min/mean/max = 127636/132517.8/617332; migrations=0 overflow=0
+ taskset -c 6 /home/atsushi/evaluation_pWCET_analysis_using_inequalities_and_copulas/ipoint/bench/build/cnt/coverage/bench_cnt --out traces/cnt/coverage --runs 10000000 --full-trace-runs 0 --seed0 20260829 --core 6 --warmup 1000 --param 0.0 --entry-id 15 --exit-id 16 --max-id 30 --calib 1
cnt: 1000000/10000000 runs, 145.2 s elapsed
cnt: 2000000/10000000 runs, 290.2 s elapsed
cnt: 3000000/10000000 runs, 435.2 s elapsed
cnt: 4000000/10000000 runs, 580.1 s elapsed
cnt: 5000000/10000000 runs, 725.1 s elapsed
cnt: 6000000/10000000 runs, 870.1 s elapsed
cnt: 7000000/10000000 runs, 1015.1 s elapsed
cnt: 8000000/10000000 runs, 1160.1 s elapsed
cnt: 9000000/10000000 runs, 1305.0 s elapsed
cnt: 10000000/10000000 runs, 1450.0 s elapsed
cnt [coverage]: 10000000 runs in 1450.0 s; e2e ticks min/mean/max = 242416/252357.3/2337708; migrations=0 overflow=0
=== cnt: parse
+ /usr/bin/python3 /home/atsushi/evaluation_pWCET_analysis_using_inequalities_and_copulas/ipoint/tools/ipoint_parse.py --schema /home/atsushi/evaluation_pWCET_analysis_using_inequalities_and_copulas/ipoint/bench/build/cnt/schema_timing.json --trace-dir traces/cnt/timing --out traces/cnt/parsed --min-unit-ns 300.0
parsed 10000/100000 runs
parsed 20000/100000 runs
parsed 30000/100000 runs
parsed 40000/100000 runs
parsed 50000/100000 runs
parsed 60000/100000 runs
parsed 70000/100000 runs
parsed 80000/100000 runs
parsed 90000/100000 runs
parsed 100000/100000 runs
parsed 100000 runs, 2 units; implicit closes: 0, unmatched exits: 0, suggested exclusions: []
+ /usr/bin/python3 /home/atsushi/evaluation_pWCET_analysis_using_inequalities_and_copulas/ipoint/tools/ipoint_check.py --schema /home/atsushi/evaluation_pWCET_analysis_using_inequalities_and_copulas/ipoint/bench/build/cnt/schema_timing.json --trace-dir traces/cnt/timing --parsed traces/cnt/parsed
cnt: 0 failures over 100000 runs, 2 units
+ /usr/bin/python3 /home/atsushi/evaluation_pWCET_analysis_using_inequalities_and_copulas/ipoint/tools/ipoint_overhead.py --off traces/cnt/off --timing traces/cnt/timing --coverage traces/cnt/coverage --out traces/cnt/overhead.json
+ /usr/bin/python3 /home/atsushi/evaluation_pWCET_analysis_using_inequalities_and_copulas/ipoint/tools/ipoint_coverage.py --schema /home/atsushi/evaluation_pWCET_analysis_using_inequalities_and_copulas/ipoint/bench/build/cnt/schema_full.json --dir traces/cnt/coverage --train 10000 --out traces/cnt/coverage.json
=== ludcmp: instrument
+ /usr/bin/python3 /home/atsushi/evaluation_pWCET_analysis_using_inequalities_and_copulas/ipoint/tools/ipoint_instrument.py /home/atsushi/evaluation_pWCET_analysis_using_inequalities_and_copulas/benchmarks/malardalen/ludcmp.c --entry ludcmp --out /home/atsushi/evaluation_pWCET_analysis_using_inequalities_and_copulas/ipoint/bench/build/ludcmp/ludcmp.ipoint_full.c --schema /home/atsushi/evaluation_pWCET_analysis_using_inequalities_and_copulas/ipoint/bench/build/ludcmp/schema_full.json --bounds /home/atsushi/evaluation_pWCET_analysis_using_inequalities_and_copulas/ipoint/bench/bounds/ludcmp.bounds.json --all
wrote /home/atsushi/evaluation_pWCET_analysis_using_inequalities_and_copulas/ipoint/bench/build/ludcmp/ludcmp.ipoint_full.c and /home/atsushi/evaluation_pWCET_analysis_using_inequalities_and_copulas/ipoint/bench/build/ludcmp/schema_full.json (28 instrumented units, ids 1..53)
=== ludcmp: pilot
+ /usr/bin/python3 /home/atsushi/evaluation_pWCET_analysis_using_inequalities_and_copulas/ipoint/tools/ipoint_instrument.py /home/atsushi/evaluation_pWCET_analysis_using_inequalities_and_copulas/benchmarks/malardalen/ludcmp.c --entry ludcmp --out /home/atsushi/evaluation_pWCET_analysis_using_inequalities_and_copulas/ipoint/bench/build/ludcmp/ludcmp.ipoint.c --schema /home/atsushi/evaluation_pWCET_analysis_using_inequalities_and_copulas/ipoint/bench/build/ludcmp/schema_timing.json --bounds /home/atsushi/evaluation_pWCET_analysis_using_inequalities_and_copulas/ipoint/bench/bounds/ludcmp.bounds.json --all
wrote /home/atsushi/evaluation_pWCET_analysis_using_inequalities_and_copulas/ipoint/bench/build/ludcmp/ludcmp.ipoint.c and /home/atsushi/evaluation_pWCET_analysis_using_inequalities_and_copulas/ipoint/bench/build/ludcmp/schema_timing.json (28 instrumented units, ids 1..53)
+ make -s BENCH=ludcmp MODE=timing SRC=/home/atsushi/evaluation_pWCET_analysis_using_inequalities_and_copulas/ipoint/bench/build/ludcmp/ludcmp.ipoint.c KERNEL_DEFS=
/home/atsushi/evaluation_pWCET_analysis_using_inequalities_and_copulas/ipoint/bench/build/ludcmp/ludcmp.ipoint.c: In function ‘ipoint_orig_main’:
/home/atsushi/evaluation_pWCET_analysis_using_inequalities_and_copulas/ipoint/bench/build/ludcmp/ludcmp.ipoint.c:86:53: warning: variable ‘chkerr’ set but not used [-Wunused-but-set-variable]
   86 |         int             i, j/*, nmax = 50*/, n = 5, chkerr;
      |                                                     ^~~~~~
+ taskset -c 6 /home/atsushi/evaluation_pWCET_analysis_using_inequalities_and_copulas/ipoint/bench/build/ludcmp/timing/bench_ludcmp --out traces/ludcmp/pilot/round0 --runs 1000 --full-trace-runs 1000 --seed0 20260829 --core 6 --warmup 1000 --param 0.0 --entry-id 7 --exit-id 8 --max-id 53 --calib 1
ludcmp [timing]: 1000 runs in 8.0 s; e2e ticks min/mean/max = 6602380/6609720.1/6633762; migrations=0 overflow=0
+ /usr/bin/python3 /home/atsushi/evaluation_pWCET_analysis_using_inequalities_and_copulas/ipoint/tools/ipoint_parse.py --schema /home/atsushi/evaluation_pWCET_analysis_using_inequalities_and_copulas/ipoint/bench/build/ludcmp/schema_timing.json --trace-dir traces/ludcmp/pilot/round0 --out traces/ludcmp/pilot/round0/parsed --min-unit-ns 300.0
parsed 1000 runs, 25 units; implicit closes: 0, unmatched exits: 0, suggested exclusions: ['fabs.if1.then', 'fabs', 'ludcmp.L1.body.L2.body.L1.body', 'ludcmp.L1.body.L1.body.if1.then.L1.body', 'ludcmp.L2.body.L1.body', 'ludcmp.L3.body.L1.body']
+ /usr/bin/python3 /home/atsushi/evaluation_pWCET_analysis_using_inequalities_and_copulas/ipoint/tools/ipoint_instrument.py /home/atsushi/evaluation_pWCET_analysis_using_inequalities_and_copulas/benchmarks/malardalen/ludcmp.c --entry ludcmp --out /home/atsushi/evaluation_pWCET_analysis_using_inequalities_and_copulas/ipoint/bench/build/ludcmp/ludcmp.ipoint.c --schema /home/atsushi/evaluation_pWCET_analysis_using_inequalities_and_copulas/ipoint/bench/build/ludcmp/schema_timing.json --bounds /home/atsushi/evaluation_pWCET_analysis_using_inequalities_and_copulas/ipoint/bench/bounds/ludcmp.bounds.json --all --exclude-unit fabs --exclude-unit fabs.if1.then --exclude-unit ludcmp.L1.body.L1.body.if1.then.L1.body --exclude-unit ludcmp.L1.body.L2.body.L1.body --exclude-unit ludcmp.L2.body.L1.body --exclude-unit ludcmp.L3.body.L1.body
wrote /home/atsushi/evaluation_pWCET_analysis_using_inequalities_and_copulas/ipoint/bench/build/ludcmp/ludcmp.ipoint.c and /home/atsushi/evaluation_pWCET_analysis_using_inequalities_and_copulas/ipoint/bench/build/ludcmp/schema_timing.json (21 instrumented units, ids 1..53)
+ make -s BENCH=ludcmp MODE=timing SRC=/home/atsushi/evaluation_pWCET_analysis_using_inequalities_and_copulas/ipoint/bench/build/ludcmp/ludcmp.ipoint.c KERNEL_DEFS=
/home/atsushi/evaluation_pWCET_analysis_using_inequalities_and_copulas/ipoint/bench/build/ludcmp/ludcmp.ipoint.c: In function ‘ipoint_orig_main’:
/home/atsushi/evaluation_pWCET_analysis_using_inequalities_and_copulas/ipoint/bench/build/ludcmp/ludcmp.ipoint.c:86:53: warning: variable ‘chkerr’ set but not used [-Wunused-but-set-variable]
   86 |         int             i, j/*, nmax = 50*/, n = 5, chkerr;
      |                                                     ^~~~~~
+ taskset -c 6 /home/atsushi/evaluation_pWCET_analysis_using_inequalities_and_copulas/ipoint/bench/build/ludcmp/timing/bench_ludcmp --out traces/ludcmp/pilot/round1 --runs 1000 --full-trace-runs 1000 --seed0 20260829 --core 6 --warmup 1000 --param 0.0 --entry-id 7 --exit-id 8 --max-id 53 --calib 1
ludcmp [timing]: 1000 runs in 1.2 s; e2e ticks min/mean/max = 1004196/1006108.6/1482080; migrations=0 overflow=0
+ /usr/bin/python3 /home/atsushi/evaluation_pWCET_analysis_using_inequalities_and_copulas/ipoint/tools/ipoint_parse.py --schema /home/atsushi/evaluation_pWCET_analysis_using_inequalities_and_copulas/ipoint/bench/build/ludcmp/schema_timing.json --trace-dir traces/ludcmp/pilot/round1 --out traces/ludcmp/pilot/round1/parsed --min-unit-ns 300.0
parsed 1000 runs, 19 units; implicit closes: 0, unmatched exits: 0, suggested exclusions: ['ludcmp.L1.body.L1.body', 'ludcmp.L1.body.L2.body.L1', 'ludcmp.L1.body.L2.body', 'ludcmp.L1.body.L1.body.if1.then.L1', 'ludcmp.L1.body.L1.body.if1.then', 'ludcmp.L2.body.L1', 'ludcmp.L2.body', 'ludcmp.L3.body.L1', 'ludcmp.L3.body']
+ /usr/bin/python3 /home/atsushi/evaluation_pWCET_analysis_using_inequalities_and_copulas/ipoint/tools/ipoint_instrument.py /home/atsushi/evaluation_pWCET_analysis_using_inequalities_and_copulas/benchmarks/malardalen/ludcmp.c --entry ludcmp --out /home/atsushi/evaluation_pWCET_analysis_using_inequalities_and_copulas/ipoint/bench/build/ludcmp/ludcmp.ipoint.c --schema /home/atsushi/evaluation_pWCET_analysis_using_inequalities_and_copulas/ipoint/bench/build/ludcmp/schema_timing.json --bounds /home/atsushi/evaluation_pWCET_analysis_using_inequalities_and_copulas/ipoint/bench/bounds/ludcmp.bounds.json --all --exclude-unit fabs --exclude-unit fabs.if1.then --exclude-unit ludcmp.L1.body.L1.body --exclude-unit ludcmp.L1.body.L1.body.if1.then --exclude-unit ludcmp.L1.body.L1.body.if1.then.L1 --exclude-unit ludcmp.L1.body.L1.body.if1.then.L1.body --exclude-unit ludcmp.L1.body.L2.body --exclude-unit ludcmp.L1.body.L2.body.L1 --exclude-unit ludcmp.L1.body.L2.body.L1.body --exclude-unit ludcmp.L2.body --exclude-unit ludcmp.L2.body.L1 --exclude-unit ludcmp.L2.body.L1.body --exclude-unit ludcmp.L3.body --exclude-unit ludcmp.L3.body.L1 --exclude-unit ludcmp.L3.body.L1.body
wrote /home/atsushi/evaluation_pWCET_analysis_using_inequalities_and_copulas/ipoint/bench/build/ludcmp/ludcmp.ipoint.c and /home/atsushi/evaluation_pWCET_analysis_using_inequalities_and_copulas/ipoint/bench/build/ludcmp/schema_timing.json (11 instrumented units, ids 1..53)
+ make -s BENCH=ludcmp MODE=timing SRC=/home/atsushi/evaluation_pWCET_analysis_using_inequalities_and_copulas/ipoint/bench/build/ludcmp/ludcmp.ipoint.c KERNEL_DEFS=
/home/atsushi/evaluation_pWCET_analysis_using_inequalities_and_copulas/ipoint/bench/build/ludcmp/ludcmp.ipoint.c: In function ‘ipoint_orig_main’:
/home/atsushi/evaluation_pWCET_analysis_using_inequalities_and_copulas/ipoint/bench/build/ludcmp/ludcmp.ipoint.c:86:53: warning: variable ‘chkerr’ set but not used [-Wunused-but-set-variable]
   86 |         int             i, j/*, nmax = 50*/, n = 5, chkerr;
      |                                                     ^~~~~~
+ taskset -c 6 /home/atsushi/evaluation_pWCET_analysis_using_inequalities_and_copulas/ipoint/bench/build/ludcmp/timing/bench_ludcmp --out traces/ludcmp/pilot/round2 --runs 1000 --full-trace-runs 1000 --seed0 20260829 --core 6 --warmup 1000 --param 0.0 --entry-id 7 --exit-id 8 --max-id 53 --calib 1
ludcmp [timing]: 1000 runs in 0.2 s; e2e ticks min/mean/max = 137252/138671.5/159260; migrations=0 overflow=0
+ /usr/bin/python3 /home/atsushi/evaluation_pWCET_analysis_using_inequalities_and_copulas/ipoint/tools/ipoint_parse.py --schema /home/atsushi/evaluation_pWCET_analysis_using_inequalities_and_copulas/ipoint/bench/build/ludcmp/schema_timing.json --trace-dir traces/ludcmp/pilot/round2 --out traces/ludcmp/pilot/round2/parsed --min-unit-ns 300.0
parsed 1000 runs, 9 units; implicit closes: 0, unmatched exits: 0, suggested exclusions: []
+ /usr/bin/python3 /home/atsushi/evaluation_pWCET_analysis_using_inequalities_and_copulas/ipoint/tools/ipoint_instrument.py /home/atsushi/evaluation_pWCET_analysis_using_inequalities_and_copulas/benchmarks/malardalen/ludcmp.c --entry ludcmp --out /home/atsushi/evaluation_pWCET_analysis_using_inequalities_and_copulas/ipoint/bench/build/ludcmp/ludcmp.ipoint.c --schema /home/atsushi/evaluation_pWCET_analysis_using_inequalities_and_copulas/ipoint/bench/build/ludcmp/schema_timing.json --bounds /home/atsushi/evaluation_pWCET_analysis_using_inequalities_and_copulas/ipoint/bench/bounds/ludcmp.bounds.json --all --exclude-unit fabs --exclude-unit fabs.if1.then --exclude-unit ludcmp.L1.body --exclude-unit ludcmp.L1.body.L1 --exclude-unit ludcmp.L1.body.L1.body --exclude-unit ludcmp.L1.body.L1.body.if1.then --exclude-unit ludcmp.L1.body.L1.body.if1.then.L1 --exclude-unit ludcmp.L1.body.L1.body.if1.then.L1.body --exclude-unit ludcmp.L1.body.L2 --exclude-unit ludcmp.L1.body.L2.body --exclude-unit ludcmp.L1.body.L2.body.L1 --exclude-unit ludcmp.L1.body.L2.body.L1.body --exclude-unit ludcmp.L2.body --exclude-unit ludcmp.L2.body.L1 --exclude-unit ludcmp.L2.body.L1.body --exclude-unit ludcmp.L3.body --exclude-unit ludcmp.L3.body.L1 --exclude-unit ludcmp.L3.body.L1.body
wrote /home/atsushi/evaluation_pWCET_analysis_using_inequalities_and_copulas/ipoint/bench/build/ludcmp/ludcmp.ipoint.c and /home/atsushi/evaluation_pWCET_analysis_using_inequalities_and_copulas/ipoint/bench/build/ludcmp/schema_timing.json (6 instrumented units, ids 1..53)
+ make -s BENCH=ludcmp MODE=timing SRC=/home/atsushi/evaluation_pWCET_analysis_using_inequalities_and_copulas/ipoint/bench/build/ludcmp/ludcmp.ipoint.c KERNEL_DEFS=
/home/atsushi/evaluation_pWCET_analysis_using_inequalities_and_copulas/ipoint/bench/build/ludcmp/ludcmp.ipoint.c: In function ‘ipoint_orig_main’:
/home/atsushi/evaluation_pWCET_analysis_using_inequalities_and_copulas/ipoint/bench/build/ludcmp/ludcmp.ipoint.c:86:53: warning: variable ‘chkerr’ set but not used [-Wunused-but-set-variable]
   86 |         int             i, j/*, nmax = 50*/, n = 5, chkerr;
      |                                                     ^~~~~~
+ taskset -c 6 /home/atsushi/evaluation_pWCET_analysis_using_inequalities_and_copulas/ipoint/bench/build/ludcmp/timing/bench_ludcmp --out traces/ludcmp/pilot/round3 --runs 1000 --full-trace-runs 1000 --seed0 20260829 --core 6 --warmup 1000 --param 0.0 --entry-id 7 --exit-id 8 --max-id 53 --calib 1
ludcmp [timing]: 1000 runs in 0.1 s; e2e ticks min/mean/max = 123624/125002.9/131874; migrations=0 overflow=0
+ /usr/bin/python3 /home/atsushi/evaluation_pWCET_analysis_using_inequalities_and_copulas/ipoint/tools/ipoint_parse.py --schema /home/atsushi/evaluation_pWCET_analysis_using_inequalities_and_copulas/ipoint/bench/build/ludcmp/schema_timing.json --trace-dir traces/ludcmp/pilot/round3 --out traces/ludcmp/pilot/round3/parsed --min-unit-ns 300.0
parsed 1000 runs, 5 units; implicit closes: 0, unmatched exits: 0, suggested exclusions: []
+ /usr/bin/python3 /home/atsushi/evaluation_pWCET_analysis_using_inequalities_and_copulas/ipoint/tools/ipoint_instrument.py /home/atsushi/evaluation_pWCET_analysis_using_inequalities_and_copulas/benchmarks/malardalen/ludcmp.c --entry ludcmp --out /home/atsushi/evaluation_pWCET_analysis_using_inequalities_and_copulas/ipoint/bench/build/ludcmp/ludcmp.ipoint.c --schema /home/atsushi/evaluation_pWCET_analysis_using_inequalities_and_copulas/ipoint/bench/build/ludcmp/schema_timing.json --bounds /home/atsushi/evaluation_pWCET_analysis_using_inequalities_and_copulas/ipoint/bench/bounds/ludcmp.bounds.json --all --exclude-unit fabs --exclude-unit fabs.if1.then --exclude-unit ludcmp.L1.body --exclude-unit ludcmp.L1.body.L1 --exclude-unit ludcmp.L1.body.L1.body --exclude-unit ludcmp.L1.body.L1.body.if1.then --exclude-unit ludcmp.L1.body.L1.body.if1.then.L1 --exclude-unit ludcmp.L1.body.L1.body.if1.then.L1.body --exclude-unit ludcmp.L1.body.L2 --exclude-unit ludcmp.L1.body.L2.body --exclude-unit ludcmp.L1.body.L2.body.L1 --exclude-unit ludcmp.L1.body.L2.body.L1.body --exclude-unit ludcmp.L2.body --exclude-unit ludcmp.L2.body.L1 --exclude-unit ludcmp.L2.body.L1.body --exclude-unit ludcmp.L3.body --exclude-unit ludcmp.L3.body.L1 --exclude-unit ludcmp.L3.body.L1.body
wrote /home/atsushi/evaluation_pWCET_analysis_using_inequalities_and_copulas/ipoint/bench/build/ludcmp/ludcmp.ipoint.c and /home/atsushi/evaluation_pWCET_analysis_using_inequalities_and_copulas/ipoint/bench/build/ludcmp/schema_timing.json (6 instrumented units, ids 1..53)
=== ludcmp: build
+ make -s BENCH=ludcmp MODE=off SRC=/home/atsushi/evaluation_pWCET_analysis_using_inequalities_and_copulas/ipoint/bench/build/ludcmp/ludcmp.ipoint.c KERNEL_DEFS=
/home/atsushi/evaluation_pWCET_analysis_using_inequalities_and_copulas/ipoint/bench/build/ludcmp/ludcmp.ipoint.c: In function ‘ipoint_orig_main’:
/home/atsushi/evaluation_pWCET_analysis_using_inequalities_and_copulas/ipoint/bench/build/ludcmp/ludcmp.ipoint.c:86:53: warning: variable ‘chkerr’ set but not used [-Wunused-but-set-variable]
   86 |         int             i, j/*, nmax = 50*/, n = 5, chkerr;
      |                                                     ^~~~~~
+ make -s BENCH=ludcmp MODE=timing SRC=/home/atsushi/evaluation_pWCET_analysis_using_inequalities_and_copulas/ipoint/bench/build/ludcmp/ludcmp.ipoint.c KERNEL_DEFS=
/home/atsushi/evaluation_pWCET_analysis_using_inequalities_and_copulas/ipoint/bench/build/ludcmp/ludcmp.ipoint.c: In function ‘ipoint_orig_main’:
/home/atsushi/evaluation_pWCET_analysis_using_inequalities_and_copulas/ipoint/bench/build/ludcmp/ludcmp.ipoint.c:86:53: warning: variable ‘chkerr’ set but not used [-Wunused-but-set-variable]
   86 |         int             i, j/*, nmax = 50*/, n = 5, chkerr;
      |                                                     ^~~~~~
+ make -s BENCH=ludcmp MODE=coverage SRC=/home/atsushi/evaluation_pWCET_analysis_using_inequalities_and_copulas/ipoint/bench/build/ludcmp/ludcmp.ipoint_full.c KERNEL_DEFS=
/home/atsushi/evaluation_pWCET_analysis_using_inequalities_and_copulas/ipoint/bench/build/ludcmp/ludcmp.ipoint_full.c: In function ‘ipoint_orig_main’:
/home/atsushi/evaluation_pWCET_analysis_using_inequalities_and_copulas/ipoint/bench/build/ludcmp/ludcmp.ipoint_full.c:86:53: warning: variable ‘chkerr’ set but not used [-Wunused-but-set-variable]
   86 |         int             i, j/*, nmax = 50*/, n = 5, chkerr;
      |                                                     ^~~~~~
=== ludcmp: run
+ taskset -c 6 /home/atsushi/evaluation_pWCET_analysis_using_inequalities_and_copulas/ipoint/bench/build/ludcmp/timing/bench_ludcmp --out traces/ludcmp/timing --runs 10000000 --full-trace-runs 100000 --seed0 20260829 --core 6 --warmup 1000 --param 0.0 --entry-id 7 --exit-id 8 --max-id 53 --calib 1
ludcmp: 1000000/10000000 runs, 68.3 s elapsed
ludcmp: 2000000/10000000 runs, 136.5 s elapsed
ludcmp: 3000000/10000000 runs, 204.8 s elapsed
ludcmp: 4000000/10000000 runs, 273.0 s elapsed
ludcmp: 5000000/10000000 runs, 341.2 s elapsed
ludcmp: 6000000/10000000 runs, 409.5 s elapsed
ludcmp: 7000000/10000000 runs, 477.7 s elapsed
ludcmp: 8000000/10000000 runs, 546.0 s elapsed
ludcmp: 9000000/10000000 runs, 614.2 s elapsed
ludcmp: 10000000/10000000 runs, 682.4 s elapsed
ludcmp [timing]: 10000000 runs in 682.4 s; e2e ticks min/mean/max = 122714/125062.8/691050; migrations=0 overflow=0
+ taskset -c 6 /home/atsushi/evaluation_pWCET_analysis_using_inequalities_and_copulas/ipoint/bench/build/ludcmp/off/bench_ludcmp --out traces/ludcmp/off --runs 100000 --full-trace-runs 0 --seed0 20260829 --core 6 --warmup 1000 --param 0.0 --entry-id 7 --exit-id 8 --max-id 53 --calib 1
ludcmp [off]: 100000 runs in 7.1 s; e2e ticks min/mean/max = 127928/130088.8/615836; migrations=0 overflow=0
+ taskset -c 6 /home/atsushi/evaluation_pWCET_analysis_using_inequalities_and_copulas/ipoint/bench/build/ludcmp/coverage/bench_ludcmp --out traces/ludcmp/coverage --runs 10000000 --full-trace-runs 0 --seed0 20260829 --core 6 --warmup 1000 --param 0.0 --entry-id 7 --exit-id 8 --max-id 53 --calib 1
ludcmp: 1000000/10000000 runs, 145.7 s elapsed
ludcmp: 2000000/10000000 runs, 291.3 s elapsed
ludcmp: 3000000/10000000 runs, 436.9 s elapsed
ludcmp: 4000000/10000000 runs, 582.6 s elapsed
ludcmp: 5000000/10000000 runs, 728.2 s elapsed
ludcmp: 6000000/10000000 runs, 873.8 s elapsed
ludcmp: 7000000/10000000 runs, 1019.4 s elapsed
ludcmp: 8000000/10000000 runs, 1165.0 s elapsed
ludcmp: 9000000/10000000 runs, 1310.6 s elapsed
ludcmp: 10000000/10000000 runs, 1456.2 s elapsed
ludcmp [coverage]: 10000000 runs in 1456.2 s; e2e ticks min/mean/max = 284266/286459.5/5581438; migrations=0 overflow=0
=== ludcmp: parse
+ /usr/bin/python3 /home/atsushi/evaluation_pWCET_analysis_using_inequalities_and_copulas/ipoint/tools/ipoint_parse.py --schema /home/atsushi/evaluation_pWCET_analysis_using_inequalities_and_copulas/ipoint/bench/build/ludcmp/schema_timing.json --trace-dir traces/ludcmp/timing --out traces/ludcmp/parsed --min-unit-ns 300.0
parsed 10000/100000 runs
parsed 20000/100000 runs
parsed 30000/100000 runs
parsed 40000/100000 runs
parsed 50000/100000 runs
parsed 60000/100000 runs
parsed 70000/100000 runs
parsed 80000/100000 runs
parsed 90000/100000 runs
parsed 100000/100000 runs
parsed 100000 runs, 5 units; implicit closes: 0, unmatched exits: 0, suggested exclusions: []
+ /usr/bin/python3 /home/atsushi/evaluation_pWCET_analysis_using_inequalities_and_copulas/ipoint/tools/ipoint_check.py --schema /home/atsushi/evaluation_pWCET_analysis_using_inequalities_and_copulas/ipoint/bench/build/ludcmp/schema_timing.json --trace-dir traces/ludcmp/timing --parsed traces/ludcmp/parsed
ludcmp: 0 failures over 100000 runs, 6 units
+ /usr/bin/python3 /home/atsushi/evaluation_pWCET_analysis_using_inequalities_and_copulas/ipoint/tools/ipoint_overhead.py --off traces/ludcmp/off --timing traces/ludcmp/timing --coverage traces/ludcmp/coverage --out traces/ludcmp/overhead.json
+ /usr/bin/python3 /home/atsushi/evaluation_pWCET_analysis_using_inequalities_and_copulas/ipoint/tools/ipoint_coverage.py --schema /home/atsushi/evaluation_pWCET_analysis_using_inequalities_and_copulas/ipoint/bench/build/ludcmp/schema_full.json --dir traces/ludcmp/coverage --train 10000 --out traces/ludcmp/coverage.json
=== select: instrument
+ /usr/bin/python3 /home/atsushi/evaluation_pWCET_analysis_using_inequalities_and_copulas/ipoint/tools/ipoint_instrument.py /home/atsushi/evaluation_pWCET_analysis_using_inequalities_and_copulas/ipoint/bench/build/select/select.c --entry select --out /home/atsushi/evaluation_pWCET_analysis_using_inequalities_and_copulas/ipoint/bench/build/select/select.ipoint_full.c --schema /home/atsushi/evaluation_pWCET_analysis_using_inequalities_and_copulas/ipoint/bench/build/select/schema_full.json --bounds /home/atsushi/evaluation_pWCET_analysis_using_inequalities_and_copulas/ipoint/bench/bounds/select.bounds.json --all
wrote /home/atsushi/evaluation_pWCET_analysis_using_inequalities_and_copulas/ipoint/bench/build/select/select.ipoint_full.c and /home/atsushi/evaluation_pWCET_analysis_using_inequalities_and_copulas/ipoint/bench/build/select/schema_full.json (31 instrumented units, ids 1..52)
=== select: pilot
+ /usr/bin/python3 /home/atsushi/evaluation_pWCET_analysis_using_inequalities_and_copulas/ipoint/tools/ipoint_instrument.py /home/atsushi/evaluation_pWCET_analysis_using_inequalities_and_copulas/ipoint/bench/build/select/select.c --entry select --out /home/atsushi/evaluation_pWCET_analysis_using_inequalities_and_copulas/ipoint/bench/build/select/select.ipoint.c --schema /home/atsushi/evaluation_pWCET_analysis_using_inequalities_and_copulas/ipoint/bench/build/select/schema_timing.json --bounds /home/atsushi/evaluation_pWCET_analysis_using_inequalities_and_copulas/ipoint/bench/bounds/select.bounds.json --all
wrote /home/atsushi/evaluation_pWCET_analysis_using_inequalities_and_copulas/ipoint/bench/build/select/select.ipoint.c and /home/atsushi/evaluation_pWCET_analysis_using_inequalities_and_copulas/ipoint/bench/build/select/schema_timing.json (31 instrumented units, ids 1..52)
+ make -s BENCH=select MODE=timing SRC=/home/atsushi/evaluation_pWCET_analysis_using_inequalities_and_copulas/ipoint/bench/build/select/select.ipoint.c KERNEL_DEFS=-std=c11 -Dselect=mrtc_select
+ taskset -c 6 /home/atsushi/evaluation_pWCET_analysis_using_inequalities_and_copulas/ipoint/bench/build/select/timing/bench_select --out traces/select/pilot/round0 --runs 1000 --full-trace-runs 1000 --seed0 20260829 --core 6 --warmup 1000 --param 0.0 --entry-id 1 --exit-id 2 --max-id 52 --calib 1
select [timing]: 1000 runs in 0.7 s; e2e ticks min/mean/max = 225524/567181.5/914918; migrations=0 overflow=0
+ /usr/bin/python3 /home/atsushi/evaluation_pWCET_analysis_using_inequalities_and_copulas/ipoint/tools/ipoint_parse.py --schema /home/atsushi/evaluation_pWCET_analysis_using_inequalities_and_copulas/ipoint/bench/build/select/schema_timing.json --trace-dir traces/select/pilot/round0 --out traces/select/pilot/round0/parsed --min-unit-ns 300.0
parsed 1000 runs, 30 units; implicit closes: 0, unmatched exits: 0, suggested exclusions: ['select.L1.body.if1.else.if1.then.if2.then', 'select.L1.body.if1.else.if1.then.L1.body.L1', 'select.L1.body.if1.else.if1.then.L1.body.L2.body', 'select.L1.body.if1.else.if1.then.L1.body.L2', 'select.L1.body.if1.else.if1.then.L1.body.if2.then', 'select.L1.body.if1.else.if1.then.L1.body.L1.body', 'select.L1.body.if1.else.if1.then.L1.body.if1.then', 'select.L1.body.if1.else.if1.then.if5.then', 'select.L1.body.if1.else.if1.then.if1.then', 'select.L1.body.if1.else.if1.then.if4.then', 'select.L1.body.if1.else.if1.then.if3.then', 'select.L1.body.if1.then', 'select.L1.body.if1.then.if1.then', 'select.L1.body.if1.then.if1.then.if1.then']
+ /usr/bin/python3 /home/atsushi/evaluation_pWCET_analysis_using_inequalities_and_copulas/ipoint/tools/ipoint_instrument.py /home/atsushi/evaluation_pWCET_analysis_using_inequalities_and_copulas/ipoint/bench/build/select/select.c --entry select --out /home/atsushi/evaluation_pWCET_analysis_using_inequalities_and_copulas/ipoint/bench/build/select/select.ipoint.c --schema /home/atsushi/evaluation_pWCET_analysis_using_inequalities_and_copulas/ipoint/bench/build/select/schema_timing.json --bounds /home/atsushi/evaluation_pWCET_analysis_using_inequalities_and_copulas/ipoint/bench/bounds/select.bounds.json --all --exclude-unit select.L1.body.if1.else.if1.then.L1.body.L1 --exclude-unit select.L1.body.if1.else.if1.then.L1.body.L1.body --exclude-unit select.L1.body.if1.else.if1.then.L1.body.L2 --exclude-unit select.L1.body.if1.else.if1.then.L1.body.L2.body --exclude-unit select.L1.body.if1.else.if1.then.L1.body.if1.then --exclude-unit select.L1.body.if1.else.if1.then.L1.body.if2.then --exclude-unit select.L1.body.if1.else.if1.then.if1.then --exclude-unit select.L1.body.if1.else.if1.then.if2.then --exclude-unit select.L1.body.if1.else.if1.then.if3.then --exclude-unit select.L1.body.if1.else.if1.then.if4.then --exclude-unit select.L1.body.if1.else.if1.then.if5.then --exclude-unit select.L1.body.if1.then --exclude-unit select.L1.body.if1.then.if1.then --exclude-unit select.L1.body.if1.then.if1.then.if1.then
wrote /home/atsushi/evaluation_pWCET_analysis_using_inequalities_and_copulas/ipoint/bench/build/select/select.ipoint.c and /home/atsushi/evaluation_pWCET_analysis_using_inequalities_and_copulas/ipoint/bench/build/select/schema_timing.json (15 instrumented units, ids 1..52)
+ make -s BENCH=select MODE=timing SRC=/home/atsushi/evaluation_pWCET_analysis_using_inequalities_and_copulas/ipoint/bench/build/select/select.ipoint.c KERNEL_DEFS=-std=c11 -Dselect=mrtc_select
+ taskset -c 6 /home/atsushi/evaluation_pWCET_analysis_using_inequalities_and_copulas/ipoint/bench/build/select/timing/bench_select --out traces/select/pilot/round1 --runs 1000 --full-trace-runs 1000 --seed0 20260829 --core 6 --warmup 1000 --param 0.0 --entry-id 1 --exit-id 2 --max-id 52 --calib 1
select [timing]: 1000 runs in 0.2 s; e2e ticks min/mean/max = 64242/144622.6/194230; migrations=0 overflow=0
+ /usr/bin/python3 /home/atsushi/evaluation_pWCET_analysis_using_inequalities_and_copulas/ipoint/tools/ipoint_parse.py --schema /home/atsushi/evaluation_pWCET_analysis_using_inequalities_and_copulas/ipoint/bench/build/select/schema_timing.json --trace-dir traces/select/pilot/round1 --out traces/select/pilot/round1/parsed --min-unit-ns 300.0
parsed 1000 runs, 14 units; implicit closes: 0, unmatched exits: 0, suggested exclusions: ['select.L1.body.if1.else.if1.then.L1.body']
+ /usr/bin/python3 /home/atsushi/evaluation_pWCET_analysis_using_inequalities_and_copulas/ipoint/tools/ipoint_instrument.py /home/atsushi/evaluation_pWCET_analysis_using_inequalities_and_copulas/ipoint/bench/build/select/select.c --entry select --out /home/atsushi/evaluation_pWCET_analysis_using_inequalities_and_copulas/ipoint/bench/build/select/select.ipoint.c --schema /home/atsushi/evaluation_pWCET_analysis_using_inequalities_and_copulas/ipoint/bench/build/select/schema_timing.json --bounds /home/atsushi/evaluation_pWCET_analysis_using_inequalities_and_copulas/ipoint/bench/bounds/select.bounds.json --all --exclude-unit select.L1.body.if1.else.if1.then.L1.body --exclude-unit select.L1.body.if1.else.if1.then.L1.body.L1 --exclude-unit select.L1.body.if1.else.if1.then.L1.body.L1.body --exclude-unit select.L1.body.if1.else.if1.then.L1.body.L2 --exclude-unit select.L1.body.if1.else.if1.then.L1.body.L2.body --exclude-unit select.L1.body.if1.else.if1.then.L1.body.if1.then --exclude-unit select.L1.body.if1.else.if1.then.L1.body.if2.then --exclude-unit select.L1.body.if1.else.if1.then.if1.then --exclude-unit select.L1.body.if1.else.if1.then.if2.then --exclude-unit select.L1.body.if1.else.if1.then.if3.then --exclude-unit select.L1.body.if1.else.if1.then.if4.then --exclude-unit select.L1.body.if1.else.if1.then.if5.then --exclude-unit select.L1.body.if1.then --exclude-unit select.L1.body.if1.then.if1.then --exclude-unit select.L1.body.if1.then.if1.then.if1.then
wrote /home/atsushi/evaluation_pWCET_analysis_using_inequalities_and_copulas/ipoint/bench/build/select/select.ipoint.c and /home/atsushi/evaluation_pWCET_analysis_using_inequalities_and_copulas/ipoint/bench/build/select/schema_timing.json (12 instrumented units, ids 1..52)
+ make -s BENCH=select MODE=timing SRC=/home/atsushi/evaluation_pWCET_analysis_using_inequalities_and_copulas/ipoint/bench/build/select/select.ipoint.c KERNEL_DEFS=-std=c11 -Dselect=mrtc_select
+ taskset -c 6 /home/atsushi/evaluation_pWCET_analysis_using_inequalities_and_copulas/ipoint/bench/build/select/timing/bench_select --out traces/select/pilot/round2 --runs 1000 --full-trace-runs 1000 --seed0 20260829 --core 6 --warmup 1000 --param 0.0 --entry-id 1 --exit-id 2 --max-id 52 --calib 1
select [timing]: 1000 runs in 0.0 s; e2e ticks min/mean/max = 17054/42480.8/55764; migrations=0 overflow=0
+ /usr/bin/python3 /home/atsushi/evaluation_pWCET_analysis_using_inequalities_and_copulas/ipoint/tools/ipoint_parse.py --schema /home/atsushi/evaluation_pWCET_analysis_using_inequalities_and_copulas/ipoint/bench/build/select/schema_timing.json --trace-dir traces/select/pilot/round2 --out traces/select/pilot/round2/parsed --min-unit-ns 300.0
parsed 1000 runs, 11 units; implicit closes: 0, unmatched exits: 0, suggested exclusions: []
+ /usr/bin/python3 /home/atsushi/evaluation_pWCET_analysis_using_inequalities_and_copulas/ipoint/tools/ipoint_instrument.py /home/atsushi/evaluation_pWCET_analysis_using_inequalities_and_copulas/ipoint/bench/build/select/select.c --entry select --out /home/atsushi/evaluation_pWCET_analysis_using_inequalities_and_copulas/ipoint/bench/build/select/select.ipoint.c --schema /home/atsushi/evaluation_pWCET_analysis_using_inequalities_and_copulas/ipoint/bench/build/select/schema_timing.json --bounds /home/atsushi/evaluation_pWCET_analysis_using_inequalities_and_copulas/ipoint/bench/bounds/select.bounds.json --all --exclude-unit select.L1.body --exclude-unit select.L1.body.if1.else --exclude-unit select.L1.body.if1.else.if1.then --exclude-unit select.L1.body.if1.else.if1.then.L1 --exclude-unit select.L1.body.if1.else.if1.then.L1.body --exclude-unit select.L1.body.if1.else.if1.then.L1.body.L1 --exclude-unit select.L1.body.if1.else.if1.then.L1.body.L1.body --exclude-unit select.L1.body.if1.else.if1.then.L1.body.L2 --exclude-unit select.L1.body.if1.else.if1.then.L1.body.L2.body --exclude-unit select.L1.body.if1.else.if1.then.L1.body.if1.then --exclude-unit select.L1.body.if1.else.if1.then.L1.body.if2.then --exclude-unit select.L1.body.if1.else.if1.then.if1.then --exclude-unit select.L1.body.if1.else.if1.then.if2.then --exclude-unit select.L1.body.if1.else.if1.then.if3.then --exclude-unit select.L1.body.if1.else.if1.then.if4.then --exclude-unit select.L1.body.if1.else.if1.then.if5.then --exclude-unit select.L1.body.if1.then --exclude-unit select.L1.body.if1.then.if1.then --exclude-unit select.L1.body.if1.then.if1.then.if1.then
wrote /home/atsushi/evaluation_pWCET_analysis_using_inequalities_and_copulas/ipoint/bench/build/select/select.ipoint.c and /home/atsushi/evaluation_pWCET_analysis_using_inequalities_and_copulas/ipoint/bench/build/select/schema_timing.json (2 instrumented units, ids 1..52)
+ make -s BENCH=select MODE=timing SRC=/home/atsushi/evaluation_pWCET_analysis_using_inequalities_and_copulas/ipoint/bench/build/select/select.ipoint.c KERNEL_DEFS=-std=c11 -Dselect=mrtc_select
+ taskset -c 6 /home/atsushi/evaluation_pWCET_analysis_using_inequalities_and_copulas/ipoint/bench/build/select/timing/bench_select --out traces/select/pilot/round3 --runs 1000 --full-trace-runs 1000 --seed0 20260829 --core 6 --warmup 1000 --param 0.0 --entry-id 1 --exit-id 2 --max-id 52 --calib 1
select [timing]: 1000 runs in 0.0 s; e2e ticks min/mean/max = 14430/31970.5/41354; migrations=0 overflow=0
+ /usr/bin/python3 /home/atsushi/evaluation_pWCET_analysis_using_inequalities_and_copulas/ipoint/tools/ipoint_parse.py --schema /home/atsushi/evaluation_pWCET_analysis_using_inequalities_and_copulas/ipoint/bench/build/select/schema_timing.json --trace-dir traces/select/pilot/round3 --out traces/select/pilot/round3/parsed --min-unit-ns 300.0
parsed 1000 runs, 2 units; implicit closes: 0, unmatched exits: 0, suggested exclusions: []
+ /usr/bin/python3 /home/atsushi/evaluation_pWCET_analysis_using_inequalities_and_copulas/ipoint/tools/ipoint_instrument.py /home/atsushi/evaluation_pWCET_analysis_using_inequalities_and_copulas/ipoint/bench/build/select/select.c --entry select --out /home/atsushi/evaluation_pWCET_analysis_using_inequalities_and_copulas/ipoint/bench/build/select/select.ipoint.c --schema /home/atsushi/evaluation_pWCET_analysis_using_inequalities_and_copulas/ipoint/bench/build/select/schema_timing.json --bounds /home/atsushi/evaluation_pWCET_analysis_using_inequalities_and_copulas/ipoint/bench/bounds/select.bounds.json --all --exclude-unit select.L1.body --exclude-unit select.L1.body.if1.else --exclude-unit select.L1.body.if1.else.if1.then --exclude-unit select.L1.body.if1.else.if1.then.L1 --exclude-unit select.L1.body.if1.else.if1.then.L1.body --exclude-unit select.L1.body.if1.else.if1.then.L1.body.L1 --exclude-unit select.L1.body.if1.else.if1.then.L1.body.L1.body --exclude-unit select.L1.body.if1.else.if1.then.L1.body.L2 --exclude-unit select.L1.body.if1.else.if1.then.L1.body.L2.body --exclude-unit select.L1.body.if1.else.if1.then.L1.body.if1.then --exclude-unit select.L1.body.if1.else.if1.then.L1.body.if2.then --exclude-unit select.L1.body.if1.else.if1.then.if1.then --exclude-unit select.L1.body.if1.else.if1.then.if2.then --exclude-unit select.L1.body.if1.else.if1.then.if3.then --exclude-unit select.L1.body.if1.else.if1.then.if4.then --exclude-unit select.L1.body.if1.else.if1.then.if5.then --exclude-unit select.L1.body.if1.then --exclude-unit select.L1.body.if1.then.if1.then --exclude-unit select.L1.body.if1.then.if1.then.if1.then
wrote /home/atsushi/evaluation_pWCET_analysis_using_inequalities_and_copulas/ipoint/bench/build/select/select.ipoint.c and /home/atsushi/evaluation_pWCET_analysis_using_inequalities_and_copulas/ipoint/bench/build/select/schema_timing.json (2 instrumented units, ids 1..52)
=== select: build
+ make -s BENCH=select MODE=off SRC=/home/atsushi/evaluation_pWCET_analysis_using_inequalities_and_copulas/ipoint/bench/build/select/select.ipoint.c KERNEL_DEFS=-std=c11 -Dselect=mrtc_select
+ make -s BENCH=select MODE=timing SRC=/home/atsushi/evaluation_pWCET_analysis_using_inequalities_and_copulas/ipoint/bench/build/select/select.ipoint.c KERNEL_DEFS=-std=c11 -Dselect=mrtc_select
+ make -s BENCH=select MODE=coverage SRC=/home/atsushi/evaluation_pWCET_analysis_using_inequalities_and_copulas/ipoint/bench/build/select/select.ipoint_full.c KERNEL_DEFS=-std=c11 -Dselect=mrtc_select
=== select: run
+ taskset -c 6 /home/atsushi/evaluation_pWCET_analysis_using_inequalities_and_copulas/ipoint/bench/build/select/timing/bench_select --out traces/select/timing --runs 10000000 --full-trace-runs 100000 --seed0 20260829 --core 6 --warmup 1000 --param 0.0 --entry-id 1 --exit-id 2 --max-id 52 --calib 1
select: 1000000/10000000 runs, 18.4 s elapsed
select: 2000000/10000000 runs, 36.8 s elapsed
select: 3000000/10000000 runs, 55.2 s elapsed
select: 4000000/10000000 runs, 73.6 s elapsed
select: 5000000/10000000 runs, 92.0 s elapsed
select: 6000000/10000000 runs, 110.4 s elapsed
select: 7000000/10000000 runs, 128.8 s elapsed
select: 8000000/10000000 runs, 147.2 s elapsed
select: 9000000/10000000 runs, 165.6 s elapsed
select: 10000000/10000000 runs, 184.0 s elapsed
select [timing]: 10000000 runs in 184.0 s; e2e ticks min/mean/max = 13192/31807.1/595368; migrations=0 overflow=0
+ taskset -c 6 /home/atsushi/evaluation_pWCET_analysis_using_inequalities_and_copulas/ipoint/bench/build/select/off/bench_select --out traces/select/off --runs 100000 --full-trace-runs 0 --seed0 20260829 --core 6 --warmup 1000 --param 0.0 --entry-id 1 --exit-id 2 --max-id 52 --calib 1
select [off]: 100000 runs in 1.8 s; e2e ticks min/mean/max = 13694/31515.4/49174; migrations=0 overflow=0
+ taskset -c 6 /home/atsushi/evaluation_pWCET_analysis_using_inequalities_and_copulas/ipoint/bench/build/select/coverage/bench_select --out traces/select/coverage --runs 10000000 --full-trace-runs 0 --seed0 20260829 --core 6 --warmup 1000 --param 0.0 --entry-id 1 --exit-id 2 --max-id 52 --calib 1
select: 1000000/10000000 runs, 30.6 s elapsed
select: 2000000/10000000 runs, 61.1 s elapsed
select: 3000000/10000000 runs, 91.6 s elapsed
select: 4000000/10000000 runs, 122.1 s elapsed
select: 5000000/10000000 runs, 152.7 s elapsed
select: 6000000/10000000 runs, 183.2 s elapsed
select: 7000000/10000000 runs, 213.7 s elapsed
select: 8000000/10000000 runs, 244.3 s elapsed
select: 9000000/10000000 runs, 274.8 s elapsed
select: 10000000/10000000 runs, 305.3 s elapsed
select [coverage]: 10000000 runs in 305.3 s; e2e ticks min/mean/max = 23470/57185.7/597878; migrations=0 overflow=0
=== select: parse
+ /usr/bin/python3 /home/atsushi/evaluation_pWCET_analysis_using_inequalities_and_copulas/ipoint/tools/ipoint_parse.py --schema /home/atsushi/evaluation_pWCET_analysis_using_inequalities_and_copulas/ipoint/bench/build/select/schema_timing.json --trace-dir traces/select/timing --out traces/select/parsed --min-unit-ns 300.0
parsed 10000/100000 runs
parsed 20000/100000 runs
parsed 30000/100000 runs
parsed 40000/100000 runs
parsed 50000/100000 runs
parsed 60000/100000 runs
parsed 70000/100000 runs
parsed 80000/100000 runs
parsed 90000/100000 runs
parsed 100000/100000 runs
parsed 100000 runs, 2 units; implicit closes: 0, unmatched exits: 0, suggested exclusions: []
+ /usr/bin/python3 /home/atsushi/evaluation_pWCET_analysis_using_inequalities_and_copulas/ipoint/tools/ipoint_check.py --schema /home/atsushi/evaluation_pWCET_analysis_using_inequalities_and_copulas/ipoint/bench/build/select/schema_timing.json --trace-dir traces/select/timing --parsed traces/select/parsed
select: 0 failures over 100000 runs, 2 units
+ /usr/bin/python3 /home/atsushi/evaluation_pWCET_analysis_using_inequalities_and_copulas/ipoint/tools/ipoint_overhead.py --off traces/select/off --timing traces/select/timing --coverage traces/select/coverage --out traces/select/overhead.json
+ /usr/bin/python3 /home/atsushi/evaluation_pWCET_analysis_using_inequalities_and_copulas/ipoint/tools/ipoint_coverage.py --schema /home/atsushi/evaluation_pWCET_analysis_using_inequalities_and_copulas/ipoint/bench/build/select/schema_full.json --dir traces/select/coverage --train 10000 --out traces/select/coverage.json
=== qsort-exam: instrument
+ /usr/bin/python3 /home/atsushi/evaluation_pWCET_analysis_using_inequalities_and_copulas/ipoint/tools/ipoint_instrument.py /home/atsushi/evaluation_pWCET_analysis_using_inequalities_and_copulas/ipoint/bench/build/qsort-exam/qsort-exam.c --entry sort --out /home/atsushi/evaluation_pWCET_analysis_using_inequalities_and_copulas/ipoint/bench/build/qsort-exam/qsort-exam.ipoint_full.c --schema /home/atsushi/evaluation_pWCET_analysis_using_inequalities_and_copulas/ipoint/bench/build/qsort-exam/schema_full.json --bounds /home/atsushi/evaluation_pWCET_analysis_using_inequalities_and_copulas/ipoint/bench/bounds/qsort-exam.bounds.json --all
wrote /home/atsushi/evaluation_pWCET_analysis_using_inequalities_and_copulas/ipoint/bench/build/qsort-exam/qsort-exam.ipoint_full.c and /home/atsushi/evaluation_pWCET_analysis_using_inequalities_and_copulas/ipoint/bench/build/qsort-exam/schema_full.json (29 instrumented units, ids 1..52)
=== qsort-exam: pilot
+ /usr/bin/python3 /home/atsushi/evaluation_pWCET_analysis_using_inequalities_and_copulas/ipoint/tools/ipoint_instrument.py /home/atsushi/evaluation_pWCET_analysis_using_inequalities_and_copulas/ipoint/bench/build/qsort-exam/qsort-exam.c --entry sort --out /home/atsushi/evaluation_pWCET_analysis_using_inequalities_and_copulas/ipoint/bench/build/qsort-exam/qsort-exam.ipoint.c --schema /home/atsushi/evaluation_pWCET_analysis_using_inequalities_and_copulas/ipoint/bench/build/qsort-exam/schema_timing.json --bounds /home/atsushi/evaluation_pWCET_analysis_using_inequalities_and_copulas/ipoint/bench/bounds/qsort-exam.bounds.json --all
wrote /home/atsushi/evaluation_pWCET_analysis_using_inequalities_and_copulas/ipoint/bench/build/qsort-exam/qsort-exam.ipoint.c and /home/atsushi/evaluation_pWCET_analysis_using_inequalities_and_copulas/ipoint/bench/build/qsort-exam/schema_timing.json (29 instrumented units, ids 1..52)
+ make -s BENCH=qsort-exam MODE=timing SRC=/home/atsushi/evaluation_pWCET_analysis_using_inequalities_and_copulas/ipoint/bench/build/qsort-exam/qsort-exam.ipoint.c KERNEL_DEFS=
/home/atsushi/evaluation_pWCET_analysis_using_inequalities_and_copulas/ipoint/bench/build/qsort-exam/qsort-exam.ipoint.c: In function ‘sort’:
/home/atsushi/evaluation_pWCET_analysis_using_inequalities_and_copulas/ipoint/bench/build/qsort-exam/qsort-exam.ipoint.c:66:13: warning: variable ‘flag’ set but not used [-Wunused-but-set-variable]
   66 |         int flag;
      |             ^~~~
+ taskset -c 6 /home/atsushi/evaluation_pWCET_analysis_using_inequalities_and_copulas/ipoint/bench/build/qsort-exam/timing/bench_qsort-exam --out traces/qsort-exam/pilot/round0 --runs 1000 --full-trace-runs 1000 --seed0 20260829 --core 6 --warmup 1000 --param 0.0 --entry-id 1 --exit-id 2 --max-id 52 --calib 1
qsort-exam [timing]: 1000 runs in 2.6 s; e2e ticks min/mean/max = 2121912/2201483.8/2458170; migrations=0 overflow=0
+ /usr/bin/python3 /home/atsushi/evaluation_pWCET_analysis_using_inequalities_and_copulas/ipoint/tools/ipoint_parse.py --schema /home/atsushi/evaluation_pWCET_analysis_using_inequalities_and_copulas/ipoint/bench/build/qsort-exam/schema_timing.json --trace-dir traces/qsort-exam/pilot/round0 --out traces/qsort-exam/pilot/round0/parsed --min-unit-ns 300.0
parsed 1000 runs, 29 units; implicit closes: 0, unmatched exits: 0, suggested exclusions: ['sort.L1.body.if1.else.if3.then', 'sort.L1.body.if1.else.L1.body.L1', 'sort.L1.body.if1.else.L1.body.L2.body', 'sort.L1.body.if1.else.L1.body.L2', 'sort.L1.body.if1.else.L1.body.L1.body', 'sort.L1.body.if1.else.L1.body.if1.then', 'sort.L1.body.if1.else.if4.then', 'sort.L1.body.if1.else.if2.then', 'sort.L1.body.if1.else.if4.else', 'sort.L1.body.if1.else.if1.then', 'sort.L1.body.if1.then.L1.body.L1.body.if1.then', 'sort.L1.body.if1.then.L1.body.L1.body', 'sort.L1.body.if1.then.L1.body.L1', 'sort.L1.body.if1.then.L1.body', 'sort.L1.body.if1.then.if1.then']
+ /usr/bin/python3 /home/atsushi/evaluation_pWCET_analysis_using_inequalities_and_copulas/ipoint/tools/ipoint_instrument.py /home/atsushi/evaluation_pWCET_analysis_using_inequalities_and_copulas/ipoint/bench/build/qsort-exam/qsort-exam.c --entry sort --out /home/atsushi/evaluation_pWCET_analysis_using_inequalities_and_copulas/ipoint/bench/build/qsort-exam/qsort-exam.ipoint.c --schema /home/atsushi/evaluation_pWCET_analysis_using_inequalities_and_copulas/ipoint/bench/build/qsort-exam/schema_timing.json --bounds /home/atsushi/evaluation_pWCET_analysis_using_inequalities_and_copulas/ipoint/bench/bounds/qsort-exam.bounds.json --all --exclude-unit sort.L1.body.if1.else.L1.body.L1 --exclude-unit sort.L1.body.if1.else.L1.body.L1.body --exclude-unit sort.L1.body.if1.else.L1.body.L2 --exclude-unit sort.L1.body.if1.else.L1.body.L2.body --exclude-unit sort.L1.body.if1.else.L1.body.if1.then --exclude-unit sort.L1.body.if1.else.if1.then --exclude-unit sort.L1.body.if1.else.if2.then --exclude-unit sort.L1.body.if1.else.if3.then --exclude-unit sort.L1.body.if1.else.if4.else --exclude-unit sort.L1.body.if1.else.if4.then --exclude-unit sort.L1.body.if1.then.L1.body --exclude-unit sort.L1.body.if1.then.L1.body.L1 --exclude-unit sort.L1.body.if1.then.L1.body.L1.body --exclude-unit sort.L1.body.if1.then.L1.body.L1.body.if1.then --exclude-unit sort.L1.body.if1.then.if1.then
wrote /home/atsushi/evaluation_pWCET_analysis_using_inequalities_and_copulas/ipoint/bench/build/qsort-exam/qsort-exam.ipoint.c and /home/atsushi/evaluation_pWCET_analysis_using_inequalities_and_copulas/ipoint/bench/build/qsort-exam/schema_timing.json (13 instrumented units, ids 1..52)
+ make -s BENCH=qsort-exam MODE=timing SRC=/home/atsushi/evaluation_pWCET_analysis_using_inequalities_and_copulas/ipoint/bench/build/qsort-exam/qsort-exam.ipoint.c KERNEL_DEFS=
/home/atsushi/evaluation_pWCET_analysis_using_inequalities_and_copulas/ipoint/bench/build/qsort-exam/qsort-exam.ipoint.c: In function ‘sort’:
/home/atsushi/evaluation_pWCET_analysis_using_inequalities_and_copulas/ipoint/bench/build/qsort-exam/qsort-exam.ipoint.c:66:13: warning: variable ‘flag’ set but not used [-Wunused-but-set-variable]
   66 |         int flag;
      |             ^~~~
+ taskset -c 6 /home/atsushi/evaluation_pWCET_analysis_using_inequalities_and_copulas/ipoint/bench/build/qsort-exam/timing/bench_qsort-exam --out traces/qsort-exam/pilot/round1 --runs 1000 --full-trace-runs 1000 --seed0 20260829 --core 6 --warmup 1000 --param 0.0 --entry-id 1 --exit-id 2 --max-id 52 --calib 1
qsort-exam [timing]: 1000 runs in 0.7 s; e2e ticks min/mean/max = 615632/643960.3/673920; migrations=0 overflow=0
+ /usr/bin/python3 /home/atsushi/evaluation_pWCET_analysis_using_inequalities_and_copulas/ipoint/tools/ipoint_parse.py --schema /home/atsushi/evaluation_pWCET_analysis_using_inequalities_and_copulas/ipoint/bench/build/qsort-exam/schema_timing.json --trace-dir traces/qsort-exam/pilot/round1 --out traces/qsort-exam/pilot/round1/parsed --min-unit-ns 300.0
parsed 1000 runs, 13 units; implicit closes: 0, unmatched exits: 0, suggested exclusions: ['sort.L1.body.if1.else.L1.body', 'sort.L1.body.if1.then.L1', 'sort.L1.body.if1.then']
+ /usr/bin/python3 /home/atsushi/evaluation_pWCET_analysis_using_inequalities_and_copulas/ipoint/tools/ipoint_instrument.py /home/atsushi/evaluation_pWCET_analysis_using_inequalities_and_copulas/ipoint/bench/build/qsort-exam/qsort-exam.c --entry sort --out /home/atsushi/evaluation_pWCET_analysis_using_inequalities_and_copulas/ipoint/bench/build/qsort-exam/qsort-exam.ipoint.c --schema /home/atsushi/evaluation_pWCET_analysis_using_inequalities_and_copulas/ipoint/bench/build/qsort-exam/schema_timing.json --bounds /home/atsushi/evaluation_pWCET_analysis_using_inequalities_and_copulas/ipoint/bench/bounds/qsort-exam.bounds.json --all --exclude-unit sort.L1.body.if1.else.L1.body --exclude-unit sort.L1.body.if1.else.L1.body.L1 --exclude-unit sort.L1.body.if1.else.L1.body.L1.body --exclude-unit sort.L1.body.if1.else.L1.body.L2 --exclude-unit sort.L1.body.if1.else.L1.body.L2.body --exclude-unit sort.L1.body.if1.else.L1.body.if1.then --exclude-unit sort.L1.body.if1.else.if1.then --exclude-unit sort.L1.body.if1.else.if2.then --exclude-unit sort.L1.body.if1.else.if3.then --exclude-unit sort.L1.body.if1.else.if4.else --exclude-unit sort.L1.body.if1.else.if4.then --exclude-unit sort.L1.body.if1.then --exclude-unit sort.L1.body.if1.then.L1 --exclude-unit sort.L1.body.if1.then.L1.body --exclude-unit sort.L1.body.if1.then.L1.body.L1 --exclude-unit sort.L1.body.if1.then.L1.body.L1.body --exclude-unit sort.L1.body.if1.then.L1.body.L1.body.if1.then --exclude-unit sort.L1.body.if1.then.if1.then
wrote /home/atsushi/evaluation_pWCET_analysis_using_inequalities_and_copulas/ipoint/bench/build/qsort-exam/qsort-exam.ipoint.c and /home/atsushi/evaluation_pWCET_analysis_using_inequalities_and_copulas/ipoint/bench/build/qsort-exam/schema_timing.json (8 instrumented units, ids 1..52)
+ make -s BENCH=qsort-exam MODE=timing SRC=/home/atsushi/evaluation_pWCET_analysis_using_inequalities_and_copulas/ipoint/bench/build/qsort-exam/qsort-exam.ipoint.c KERNEL_DEFS=
/home/atsushi/evaluation_pWCET_analysis_using_inequalities_and_copulas/ipoint/bench/build/qsort-exam/qsort-exam.ipoint.c: In function ‘sort’:
/home/atsushi/evaluation_pWCET_analysis_using_inequalities_and_copulas/ipoint/bench/build/qsort-exam/qsort-exam.ipoint.c:66:13: warning: variable ‘flag’ set but not used [-Wunused-but-set-variable]
   66 |         int flag;
      |             ^~~~
+ taskset -c 6 /home/atsushi/evaluation_pWCET_analysis_using_inequalities_and_copulas/ipoint/bench/build/qsort-exam/timing/bench_qsort-exam --out traces/qsort-exam/pilot/round2 --runs 1000 --full-trace-runs 1000 --seed0 20260829 --core 6 --warmup 1000 --param 0.0 --entry-id 1 --exit-id 2 --max-id 52 --calib 1
qsort-exam [timing]: 1000 runs in 0.3 s; e2e ticks min/mean/max = 254854/265947.0/283496; migrations=0 overflow=0
+ /usr/bin/python3 /home/atsushi/evaluation_pWCET_analysis_using_inequalities_and_copulas/ipoint/tools/ipoint_parse.py --schema /home/atsushi/evaluation_pWCET_analysis_using_inequalities_and_copulas/ipoint/bench/build/qsort-exam/schema_timing.json --trace-dir traces/qsort-exam/pilot/round2 --out traces/qsort-exam/pilot/round2/parsed --min-unit-ns 300.0
parsed 1000 runs, 8 units; implicit closes: 0, unmatched exits: 0, suggested exclusions: ['sort.L1.body.if1.else.L1', 'sort.L1.body.if1.else', 'sort.L1.body']
+ /usr/bin/python3 /home/atsushi/evaluation_pWCET_analysis_using_inequalities_and_copulas/ipoint/tools/ipoint_instrument.py /home/atsushi/evaluation_pWCET_analysis_using_inequalities_and_copulas/ipoint/bench/build/qsort-exam/qsort-exam.c --entry sort --out /home/atsushi/evaluation_pWCET_analysis_using_inequalities_and_copulas/ipoint/bench/build/qsort-exam/qsort-exam.ipoint.c --schema /home/atsushi/evaluation_pWCET_analysis_using_inequalities_and_copulas/ipoint/bench/build/qsort-exam/schema_timing.json --bounds /home/atsushi/evaluation_pWCET_analysis_using_inequalities_and_copulas/ipoint/bench/bounds/qsort-exam.bounds.json --all --exclude-unit sort.L1.body --exclude-unit sort.L1.body.if1.else --exclude-unit sort.L1.body.if1.else.L1 --exclude-unit sort.L1.body.if1.else.L1.body --exclude-unit sort.L1.body.if1.else.L1.body.L1 --exclude-unit sort.L1.body.if1.else.L1.body.L1.body --exclude-unit sort.L1.body.if1.else.L1.body.L2 --exclude-unit sort.L1.body.if1.else.L1.body.L2.body --exclude-unit sort.L1.body.if1.else.L1.body.if1.then --exclude-unit sort.L1.body.if1.else.if1.then --exclude-unit sort.L1.body.if1.else.if2.then --exclude-unit sort.L1.body.if1.else.if3.then --exclude-unit sort.L1.body.if1.else.if4.else --exclude-unit sort.L1.body.if1.else.if4.then --exclude-unit sort.L1.body.if1.then --exclude-unit sort.L1.body.if1.then.L1 --exclude-unit sort.L1.body.if1.then.L1.body --exclude-unit sort.L1.body.if1.then.L1.body.L1 --exclude-unit sort.L1.body.if1.then.L1.body.L1.body --exclude-unit sort.L1.body.if1.then.L1.body.L1.body.if1.then --exclude-unit sort.L1.body.if1.then.if1.then
wrote /home/atsushi/evaluation_pWCET_analysis_using_inequalities_and_copulas/ipoint/bench/build/qsort-exam/qsort-exam.ipoint.c and /home/atsushi/evaluation_pWCET_analysis_using_inequalities_and_copulas/ipoint/bench/build/qsort-exam/schema_timing.json (2 instrumented units, ids 1..52)
+ make -s BENCH=qsort-exam MODE=timing SRC=/home/atsushi/evaluation_pWCET_analysis_using_inequalities_and_copulas/ipoint/bench/build/qsort-exam/qsort-exam.ipoint.c KERNEL_DEFS=
/home/atsushi/evaluation_pWCET_analysis_using_inequalities_and_copulas/ipoint/bench/build/qsort-exam/qsort-exam.ipoint.c: In function ‘sort’:
/home/atsushi/evaluation_pWCET_analysis_using_inequalities_and_copulas/ipoint/bench/build/qsort-exam/qsort-exam.ipoint.c:66:13: warning: variable ‘flag’ set but not used [-Wunused-but-set-variable]
   66 |         int flag;
      |             ^~~~
+ taskset -c 6 /home/atsushi/evaluation_pWCET_analysis_using_inequalities_and_copulas/ipoint/bench/build/qsort-exam/timing/bench_qsort-exam --out traces/qsort-exam/pilot/round3 --runs 1000 --full-trace-runs 1000 --seed0 20260829 --core 6 --warmup 1000 --param 0.0 --entry-id 1 --exit-id 2 --max-id 52 --calib 1
qsort-exam [timing]: 1000 runs in 0.1 s; e2e ticks min/mean/max = 133422/140078.7/148806; migrations=0 overflow=0
+ /usr/bin/python3 /home/atsushi/evaluation_pWCET_analysis_using_inequalities_and_copulas/ipoint/tools/ipoint_parse.py --schema /home/atsushi/evaluation_pWCET_analysis_using_inequalities_and_copulas/ipoint/bench/build/qsort-exam/schema_timing.json --trace-dir traces/qsort-exam/pilot/round3 --out traces/qsort-exam/pilot/round3/parsed --min-unit-ns 300.0
parsed 1000 runs, 2 units; implicit closes: 0, unmatched exits: 0, suggested exclusions: []
+ /usr/bin/python3 /home/atsushi/evaluation_pWCET_analysis_using_inequalities_and_copulas/ipoint/tools/ipoint_instrument.py /home/atsushi/evaluation_pWCET_analysis_using_inequalities_and_copulas/ipoint/bench/build/qsort-exam/qsort-exam.c --entry sort --out /home/atsushi/evaluation_pWCET_analysis_using_inequalities_and_copulas/ipoint/bench/build/qsort-exam/qsort-exam.ipoint.c --schema /home/atsushi/evaluation_pWCET_analysis_using_inequalities_and_copulas/ipoint/bench/build/qsort-exam/schema_timing.json --bounds /home/atsushi/evaluation_pWCET_analysis_using_inequalities_and_copulas/ipoint/bench/bounds/qsort-exam.bounds.json --all --exclude-unit sort.L1.body --exclude-unit sort.L1.body.if1.else --exclude-unit sort.L1.body.if1.else.L1 --exclude-unit sort.L1.body.if1.else.L1.body --exclude-unit sort.L1.body.if1.else.L1.body.L1 --exclude-unit sort.L1.body.if1.else.L1.body.L1.body --exclude-unit sort.L1.body.if1.else.L1.body.L2 --exclude-unit sort.L1.body.if1.else.L1.body.L2.body --exclude-unit sort.L1.body.if1.else.L1.body.if1.then --exclude-unit sort.L1.body.if1.else.if1.then --exclude-unit sort.L1.body.if1.else.if2.then --exclude-unit sort.L1.body.if1.else.if3.then --exclude-unit sort.L1.body.if1.else.if4.else --exclude-unit sort.L1.body.if1.else.if4.then --exclude-unit sort.L1.body.if1.then --exclude-unit sort.L1.body.if1.then.L1 --exclude-unit sort.L1.body.if1.then.L1.body --exclude-unit sort.L1.body.if1.then.L1.body.L1 --exclude-unit sort.L1.body.if1.then.L1.body.L1.body --exclude-unit sort.L1.body.if1.then.L1.body.L1.body.if1.then --exclude-unit sort.L1.body.if1.then.if1.then
wrote /home/atsushi/evaluation_pWCET_analysis_using_inequalities_and_copulas/ipoint/bench/build/qsort-exam/qsort-exam.ipoint.c and /home/atsushi/evaluation_pWCET_analysis_using_inequalities_and_copulas/ipoint/bench/build/qsort-exam/schema_timing.json (2 instrumented units, ids 1..52)
=== qsort-exam: build
+ make -s BENCH=qsort-exam MODE=off SRC=/home/atsushi/evaluation_pWCET_analysis_using_inequalities_and_copulas/ipoint/bench/build/qsort-exam/qsort-exam.ipoint.c KERNEL_DEFS=
/home/atsushi/evaluation_pWCET_analysis_using_inequalities_and_copulas/ipoint/bench/build/qsort-exam/qsort-exam.ipoint.c: In function ‘sort’:
/home/atsushi/evaluation_pWCET_analysis_using_inequalities_and_copulas/ipoint/bench/build/qsort-exam/qsort-exam.ipoint.c:66:13: warning: variable ‘flag’ set but not used [-Wunused-but-set-variable]
   66 |         int flag;
      |             ^~~~
+ make -s BENCH=qsort-exam MODE=timing SRC=/home/atsushi/evaluation_pWCET_analysis_using_inequalities_and_copulas/ipoint/bench/build/qsort-exam/qsort-exam.ipoint.c KERNEL_DEFS=
/home/atsushi/evaluation_pWCET_analysis_using_inequalities_and_copulas/ipoint/bench/build/qsort-exam/qsort-exam.ipoint.c: In function ‘sort’:
/home/atsushi/evaluation_pWCET_analysis_using_inequalities_and_copulas/ipoint/bench/build/qsort-exam/qsort-exam.ipoint.c:66:13: warning: variable ‘flag’ set but not used [-Wunused-but-set-variable]
   66 |         int flag;
      |             ^~~~
+ make -s BENCH=qsort-exam MODE=coverage SRC=/home/atsushi/evaluation_pWCET_analysis_using_inequalities_and_copulas/ipoint/bench/build/qsort-exam/qsort-exam.ipoint_full.c KERNEL_DEFS=
/home/atsushi/evaluation_pWCET_analysis_using_inequalities_and_copulas/ipoint/bench/build/qsort-exam/qsort-exam.ipoint_full.c: In function ‘sort’:
/home/atsushi/evaluation_pWCET_analysis_using_inequalities_and_copulas/ipoint/bench/build/qsort-exam/qsort-exam.ipoint_full.c:66:13: warning: variable ‘flag’ set but not used [-Wunused-but-set-variable]
   66 |         int flag;
      |             ^~~~
=== qsort-exam: run
+ taskset -c 6 /home/atsushi/evaluation_pWCET_analysis_using_inequalities_and_copulas/ipoint/bench/build/qsort-exam/timing/bench_qsort-exam --out traces/qsort-exam/timing --runs 10000000 --full-trace-runs 100000 --seed0 20260829 --core 6 --warmup 1000 --param 0.0 --entry-id 1 --exit-id 2 --max-id 52 --calib 1
qsort-exam: 1000000/10000000 runs, 71.6 s elapsed
qsort-exam: 2000000/10000000 runs, 143.1 s elapsed
qsort-exam: 3000000/10000000 runs, 214.6 s elapsed
qsort-exam: 4000000/10000000 runs, 286.2 s elapsed
qsort-exam: 5000000/10000000 runs, 357.7 s elapsed
qsort-exam: 6000000/10000000 runs, 429.2 s elapsed
qsort-exam: 7000000/10000000 runs, 500.8 s elapsed
qsort-exam: 8000000/10000000 runs, 572.3 s elapsed
qsort-exam: 9000000/10000000 runs, 643.8 s elapsed
qsort-exam: 10000000/10000000 runs, 715.4 s elapsed
qsort-exam [timing]: 10000000 runs in 715.4 s; e2e ticks min/mean/max = 127428/140067.5/2209670; migrations=0 overflow=0
+ taskset -c 6 /home/atsushi/evaluation_pWCET_analysis_using_inequalities_and_copulas/ipoint/bench/build/qsort-exam/off/bench_qsort-exam --out traces/qsort-exam/off --runs 100000 --full-trace-runs 0 --seed0 20260829 --core 6 --warmup 1000 --param 0.0 --entry-id 1 --exit-id 2 --max-id 52 --calib 1
qsort-exam [off]: 100000 runs in 7.7 s; e2e ticks min/mean/max = 139402/150519.2/633202; migrations=0 overflow=0
+ taskset -c 6 /home/atsushi/evaluation_pWCET_analysis_using_inequalities_and_copulas/ipoint/bench/build/qsort-exam/coverage/bench_qsort-exam --out traces/qsort-exam/coverage --runs 10000000 --full-trace-runs 0 --seed0 20260829 --core 6 --warmup 1000 --param 0.0 --entry-id 1 --exit-id 2 --max-id 52 --calib 1
qsort-exam: 1000000/10000000 runs, 106.3 s elapsed
qsort-exam: 2000000/10000000 runs, 212.6 s elapsed
qsort-exam: 3000000/10000000 runs, 318.8 s elapsed
qsort-exam: 4000000/10000000 runs, 425.0 s elapsed
qsort-exam: 5000000/10000000 runs, 531.3 s elapsed
qsort-exam: 6000000/10000000 runs, 637.5 s elapsed
qsort-exam: 7000000/10000000 runs, 743.8 s elapsed
qsort-exam: 8000000/10000000 runs, 850.0 s elapsed
qsort-exam: 9000000/10000000 runs, 956.3 s elapsed
qsort-exam: 10000000/10000000 runs, 1062.5 s elapsed
qsort-exam [coverage]: 10000000 runs in 1062.5 s; e2e ticks min/mean/max = 201238/211790.7/836570; migrations=0 overflow=0
=== qsort-exam: parse
+ /usr/bin/python3 /home/atsushi/evaluation_pWCET_analysis_using_inequalities_and_copulas/ipoint/tools/ipoint_parse.py --schema /home/atsushi/evaluation_pWCET_analysis_using_inequalities_and_copulas/ipoint/bench/build/qsort-exam/schema_timing.json --trace-dir traces/qsort-exam/timing --out traces/qsort-exam/parsed --min-unit-ns 300.0
parsed 10000/100000 runs
parsed 20000/100000 runs
parsed 30000/100000 runs
parsed 40000/100000 runs
parsed 50000/100000 runs
parsed 60000/100000 runs
parsed 70000/100000 runs
parsed 80000/100000 runs
parsed 90000/100000 runs
parsed 100000/100000 runs
parsed 100000 runs, 2 units; implicit closes: 0, unmatched exits: 0, suggested exclusions: []
+ /usr/bin/python3 /home/atsushi/evaluation_pWCET_analysis_using_inequalities_and_copulas/ipoint/tools/ipoint_check.py --schema /home/atsushi/evaluation_pWCET_analysis_using_inequalities_and_copulas/ipoint/bench/build/qsort-exam/schema_timing.json --trace-dir traces/qsort-exam/timing --parsed traces/qsort-exam/parsed
qsort-exam: 0 failures over 100000 runs, 2 units
+ /usr/bin/python3 /home/atsushi/evaluation_pWCET_analysis_using_inequalities_and_copulas/ipoint/tools/ipoint_overhead.py --off traces/qsort-exam/off --timing traces/qsort-exam/timing --coverage traces/qsort-exam/coverage --out traces/qsort-exam/overhead.json
+ /usr/bin/python3 /home/atsushi/evaluation_pWCET_analysis_using_inequalities_and_copulas/ipoint/tools/ipoint_coverage.py --schema /home/atsushi/evaluation_pWCET_analysis_using_inequalities_and_copulas/ipoint/bench/build/qsort-exam/schema_full.json --dir traces/qsort-exam/coverage --train 10000 --out traces/qsort-exam/coverage.json
